Province_Code,Province,Sub District_Code,Sub District,housing_demand_2022,type_below_A,type_A_rent,type_A_lease_purchase,type_B_lease_purchase,type_C_lease_purchase,type_D_lease_purchase,Region,KMeans_Cluster,Agglomerative_Cluster
10,Bangkok,1,Phra Nakhon,232,13,25,38,24,28,104,Central,Cluster 0,3
10,Bangkok,37,Ratchathewi,543,31,60,89,57,65,243,Central,Cluster 1,1
10,Bangkok,2,Dusit,393,22,43,64,41,47,176,Central,Cluster 0,1
10,Bangkok,14,Phaya Thai,483,27,53,79,50,57,216,Central,Cluster 1,1
10,Bangkok,17,Huai Khwang,826,47,91,136,86,98,369,Central,Cluster 1,0
10,Bangkok,45,Wang Thonglang,713,40,78,117,74,85,318,Central,Cluster 1,1
10,Bangkok,8,Pom Prap Sattru Phai,235,13,26,39,25,28,105,Central,Cluster 0,3
10,Bangkok,13,Samphanthawong,159,9,18,26,17,19,71,Central,Cluster 0,3
10,Bangkok,26,Din Daeng,691,39,76,113,72,82,309,Central,Cluster 1,1
10,Bangkok,12,Yan Nawa,611,34,67,100,64,72,273,Central,Cluster 1,1
10,Bangkok,28,Sathon,482,27,53,79,50,57,216,Central,Cluster 1,1
10,Bangkok,7,Pathum Wan,365,21,40,60,38,43,163,Central,Cluster 0,1
10,Bangkok,33,Khlong Toei,783,44,86,128,82,93,350,Central,Cluster 1,0
10,Bangkok,39,Vadhana,804,45,88,132,84,95,359,Central,Cluster 1,0
10,Bangkok,34,Suan Luang,840,47,92,138,88,100,375,Central,Cluster 1,0
10,Bangkok,9,Phra Khanong,606,34,67,99,63,72,271,Central,Cluster 1,1
10,Bangkok,47,Bang Na,727,41,80,119,76,86,325,Central,Cluster 1,1
10,Bangkok,32,Prawet,1018,57,112,167,106,121,455,Central,Cluster 1,0
10,Bangkok,4,Bang Rak,332,19,36,54,35,39,148,Central,Cluster 0,1
10,Bangkok,31,Bang Kho Laem,457,26,50,75,48,54,204,Central,Cluster 1,1
10,Bangkok,6,Bang Kapi,1205,68,132,198,126,143,539,Central,Cluster 1,0
10,Bangkok,44,Saphan Sung,429,24,47,70,45,51,192,Central,Cluster 1,1
10,Bangkok,27,Bueng Kum,865,49,95,142,90,103,386,Central,Cluster 1,0
10,Bangkok,43,Khan Na Yao,486,27,53,80,51,58,217,Central,Cluster 1,1
10,Bangkok,46,Khlong Sam Wa,918,52,101,150,96,109,410,Central,Cluster 1,0
10,Bangkok,10,Min Buri,671,38,74,110,70,80,300,Central,Cluster 1,1
10,Bangkok,11,Lat Krabang,1013,57,111,166,106,120,453,Central,Cluster 1,0
10,Bangkok,3,Nong Chok,710,40,78,116,74,84,317,Central,Cluster 1,1
10,Bangkok,29,Bang Sue,669,38,73,110,70,79,299,Central,Cluster 1,1
10,Bangkok,30,Chatuchak,1224,69,134,201,128,145,547,Central,Cluster 1,0
10,Bangkok,38,Lat Phrao,651,37,72,107,68,77,291,Central,Cluster 1,1
10,Bangkok,5,Bang Khen,1223,69,134,201,128,145,547,Central,Cluster 1,0
10,Bangkok,41,Lak Si,607,34,67,100,63,72,271,Central,Cluster 1,1
10,Bangkok,36,Don Mueang,855,48,94,140,89,101,382,Central,Cluster 1,0
10,Bangkok,42,Sai Mai,1144,65,126,188,119,136,511,Central,Cluster 1,0
10,Bangkok,48,Thawi Watthana,382,22,42,63,40,45,171,Central,Cluster 0,1
10,Bangkok,19,Taling Chan,492,28,54,81,51,58,220,Central,Cluster 1,1
10,Bangkok,25,Bang Phlat,552,31,61,91,58,66,247,Central,Cluster 1,1
10,Bangkok,20,Bangkok Noi,586,33,64,96,61,70,262,Central,Cluster 1,1
10,Bangkok,18,Khlong San,454,26,50,74,47,54,203,Central,Cluster 1,1
10,Bangkok,15,Thon Buri,625,35,69,102,65,74,279,Central,Cluster 1,1
10,Bangkok,35,Chom Thong,824,47,90,135,86,98,368,Central,Cluster 1,0
10,Bangkok,16,Bangkok Yai,324,18,36,53,34,38,145,Central,Cluster 0,1
10,Bangkok,22,Phasi Charoen,634,36,70,104,66,75,283,Central,Cluster 1,1
10,Bangkok,40,Bang Khae,1026,58,113,168,107,122,458,Central,Cluster 1,0
10,Bangkok,23,Nong Khaem,701,40,77,115,73,83,313,Central,Cluster 1,1
10,Bangkok,50,Bang Bon,591,33,65,97,62,70,264,Central,Cluster 1,1
10,Bangkok,21,Bang Khun Thian,998,56,110,164,104,118,446,Central,Cluster 1,0
10,Bangkok,49,Thung Khru,591,33,65,97,62,70,264,Central,Cluster 1,1
10,Bangkok,24,Rat Burana,428,24,47,70,45,51,191,Central,Cluster 1,1
11,Samut Prakarn,1,Mueang Samut Prakan,3126,186,796,860,384,365,534,Central,Cluster 2,0
11,Samut Prakarn,3,Bang Phli,2101,125,535,578,258,245,359,Central,Cluster 2,0
11,Samut Prakarn,2,Bang Bo,549,33,140,151,67,64,94,Central,Cluster 1,1
11,Samut Prakarn,4,Phra Pradaeng,1139,68,290,313,140,133,195,Central,Cluster 2,0
11,Samut Prakarn,5,Phra Samut Chedi,761,45,194,209,94,89,130,Central,Cluster 1,1
11,Samut Prakarn,6,Bang Sao Thong,491,29,125,135,60,57,84,Central,Cluster 1,1
12,Nonthaburi,1,Mueang Nonthaburi,1848,88,193,362,261,261,684,Central,Cluster 2,0
12,Nonthaburi,4,Bang Bua Thong,1259,60,131,246,178,178,466,Central,Cluster 2,0
12,Nonthaburi,3,Bang Yai,691,33,72,135,97,97,256,Central,Cluster 1,1
12,Nonthaburi,6,Pak Kret,1401,67,146,274,197,198,519,Central,Cluster 2,0
12,Nonthaburi,2,Bang Kruai,606,29,63,118,85,85,224,Central,Cluster 1,1
12,Nonthaburi,5,Sai Noi,258,12,27,50,36,36,95,Central,Cluster 0,3
13,Pathum Thani,1,Mueang Pathum Thani,987,27,75,173,198,232,281,Central,Cluster 2,0
13,Pathum Thani,2,Khlong Luang,1468,41,112,258,295,345,418,Central,Cluster 2,0
13,Pathum Thani,3,Thanyaburi,1139,32,87,200,229,268,324,Central,Cluster 2,0
13,Pathum Thani,6,Lam Luk Ka,1376,38,105,242,276,324,391,Central,Cluster 2,0
13,Pathum Thani,4,Nong Suea,165,5,13,29,33,39,47,Central,Cluster 0,3
13,Pathum Thani,5,Lat Lum Kaeo,314,9,24,55,63,74,89,Central,Cluster 0,1
13,Pathum Thani,7,Sam Khok,219,6,17,38,44,52,62,Central,Cluster 0,3
73,Nakhon Pathom,1,Mueang Nakhon Pathom,1068,74,150,256,151,118,319,Central,Cluster 1,0
73,Nakhon Pathom,2,Kamphaeng Saen,374,26,52,90,53,41,111,Central,Cluster 0,1
73,Nakhon Pathom,3,Nakhon Chai Si,413,29,58,99,59,46,123,Central,Cluster 1,1
73,Nakhon Pathom,4,Don Tum,141,10,20,34,20,16,42,Central,Cluster 0,3
73,Nakhon Pathom,5,Bang Len,312,22,44,75,44,34,93,Central,Cluster 0,1
73,Nakhon Pathom,6,Sam Phran,1186,82,166,284,168,131,354,Central,Cluster 2,0
73,Nakhon Pathom,7,Phutthamonthon,199,14,28,48,28,22,59,Central,Cluster 0,3
74,Samut Sakhon,1,Mueang Samut Sakhon,1998,146,273,739,240,227,372,Central,Cluster 2,0
74,Samut Sakhon,2,Krathum Baen,1547,113,211,573,186,176,288,Central,Cluster 2,0
74,Samut Sakhon,3,Ban Phaeo,378,28,52,140,45,43,70,Central,Cluster 0,1
14,Phra Nakhon Si Ayutthaya,1,Phra Nakhon Si Ayutthaya,483,67,89,88,61,77,102,Central,Cluster 1,1
14,Phra Nakhon Si Ayutthaya,2,Tha Ruea,167,23,31,30,21,27,35,Central,Cluster 0,3
14,Phra Nakhon Si Ayutthaya,3,Nakhon Luang,156,22,29,28,20,25,33,Central,Cluster 0,3
14,Phra Nakhon Si Ayutthaya,4,Bang Sai,143,20,26,26,18,23,30,Central,Cluster 0,3
14,Phra Nakhon Si Ayutthaya,5,Bang Ban,112,16,21,20,14,18,24,Central,Cluster 0,3
14,Phra Nakhon Si Ayutthaya,6,Bang Pa-in,499,69,92,91,63,80,105,Central,Cluster 1,1
14,Phra Nakhon Si Ayutthaya,7,Bang Pahan,133,18,24,24,17,21,28,Central,Cluster 0,3
14,Phra Nakhon Si Ayutthaya,8,Phak Hai,132,18,24,24,17,21,28,Central,Cluster 0,3
14,Phra Nakhon Si Ayutthaya,9,Phachi,96,13,18,17,12,15,20,Central,Cluster 0,3
14,Phra Nakhon Si Ayutthaya,10,Lat Bua Luang,122,17,22,22,15,19,26,Central,Cluster 0,3
14,Phra Nakhon Si Ayutthaya,11,Wang Noi,298,41,55,54,37,48,63,Central,Cluster 0,1
14,Phra Nakhon Si Ayutthaya,12,Sena,209,29,38,38,26,33,44,Central,Cluster 0,3
14,Phra Nakhon Si Ayutthaya,13,Bang Sai,56,8,10,10,7,9,12,Central,Cluster 0,3
14,Phra Nakhon Si Ayutthaya,14,Uthai,217,30,40,40,27,35,46,Central,Cluster 0,3
14,Phra Nakhon Si Ayutthaya,15,Maha Rat,80,11,15,14,10,13,17,Central,Cluster 0,3
14,Phra Nakhon Si Ayutthaya,16,Ban Phraek,32,4,6,6,4,5,7,Central,Cluster 0,3
15,Ang Thong,1,Mueang Ang Thong,216,63,34,42,18,19,40,Central,Cluster 0,3
15,Ang Thong,2,Chaiyo,69,20,11,14,6,6,13,Central,Cluster 0,3
15,Ang Thong,3,Pa Mok,96,28,15,19,8,9,18,Central,Cluster 0,3
15,Ang Thong,4,Pho Thong,175,51,27,34,14,16,32,Central,Cluster 0,3
15,Ang Thong,5,Sawaeng Ha,104,31,16,20,8,9,19,Central,Cluster 0,3
15,Ang Thong,6,Wiset Chai Chan,221,65,34,43,18,20,41,Central,Cluster 0,3
15,Ang Thong,7,Samko,58,17,9,11,5,5,11,Central,Cluster 0,3
16,Lop Buri,1,Mueang Lop Buri,1018,272,175,230,89,97,156,Central,Cluster 1,0
16,Lop Buri,2,Phatthana Nikhom,276,74,48,62,24,26,42,Central,Cluster 0,1
16,Lop Buri,3,Khok Samrong,298,79,51,67,26,28,46,Central,Cluster 0,1
16,Lop Buri,4,Chai Badan,349,93,60,79,30,33,53,Central,Cluster 0,1
16,Lop Buri,5,Tha Wung,166,44,29,37,14,16,25,Central,Cluster 0,3
16,Lop Buri,6,Ban Mi,257,69,44,58,22,24,39,Central,Cluster 0,1
16,Lop Buri,7,Tha Luang,108,29,19,24,9,10,17,Central,Cluster 0,3
16,Lop Buri,8,Sa Bot,81,22,14,18,7,8,12,Central,Cluster 0,3
16,Lop Buri,9,Khok Charoen,81,22,14,18,7,8,12,Central,Cluster 0,3
16,Lop Buri,10,Lam Sonthi,99,26,17,22,9,9,15,Central,Cluster 0,3
16,Lop Buri,11,Nong Muang,132,35,23,30,11,13,20,Central,Cluster 0,3
17,Sing Buri,1,Mueang Sing Buri,207,38,39,44,20,27,39,Central,Cluster 0,3
17,Sing Buri,2,Bang Rachan,118,22,22,25,11,15,22,Central,Cluster 0,3
17,Sing Buri,3,Khai Bang Rachan,89,17,17,19,9,12,17,Central,Cluster 0,3
17,Sing Buri,4,Phrom Buri,81,15,15,17,8,11,15,Central,Cluster 0,3
17,Sing Buri,5,Tha Chang,49,9,9,11,5,6,9,Central,Cluster 0,3
17,Sing Buri,6,In Buri,186,35,35,40,18,24,35,Central,Cluster 0,3
18,Chai Nat,1,Mueang Chai Nat,262,84,53,43,22,19,42,Central,Cluster 0,1
18,Chai Nat,2,Manorom,116,37,23,19,10,9,18,Central,Cluster 0,3
18,Chai Nat,3,Wat Sing,98,31,20,16,8,7,16,Central,Cluster 0,3
18,Chai Nat,4,Sapphaya,149,48,30,24,12,11,24,Central,Cluster 0,3
18,Chai Nat,5,Sankhaburi,215,69,43,35,18,16,34,Central,Cluster 0,3
18,Chai Nat,6,Hankha,181,58,37,30,15,13,29,Central,Cluster 0,3
18,Chai Nat,7,Nong Mamong,69,22,14,11,6,5,11,Central,Cluster 0,3
18,Chai Nat,8,Noen Kham,59,19,12,10,5,4,9,Central,Cluster 0,3
19,Saraburi,1,Mueang Saraburi,483,53,91,73,44,68,152,Central,Cluster 1,1
19,Saraburi,2,Kaeng Khoi,416,46,78,63,38,59,131,Central,Cluster 1,1
19,Saraburi,3,Nong Khae,428,47,81,65,39,61,135,Central,Cluster 1,1
19,Saraburi,4,Wihan Daeng,131,14,25,20,12,19,41,Central,Cluster 0,3
19,Saraburi,5,Nong Saeng,49,5,9,7,4,7,15,Central,Cluster 0,3
19,Saraburi,6,Ban Mo,163,18,31,25,15,23,51,Central,Cluster 0,3
19,Saraburi,7,Don Phut,23,3,4,3,2,3,7,Central,Cluster 0,3
19,Saraburi,8,Nong Don,48,5,9,7,4,7,15,Central,Cluster 0,3
19,Saraburi,9,Phra Phutthabat,233,26,44,35,21,33,74,Central,Cluster 0,3
19,Saraburi,10,Sao Hai,125,14,24,19,11,18,39,Central,Cluster 0,3
19,Saraburi,11,Muak Lek,235,26,44,36,21,33,74,Central,Cluster 0,3
19,Saraburi,12,Wang Muang,83,9,16,13,8,12,26,Central,Cluster 0,3
19,Saraburi,13,Chaloem Phra Kiat Saraburi,142,16,27,22,13,20,45,Central,Cluster 0,3
20,Chon Buri,1,Mueang Chon Buri,1575,110,293,329,196,271,378,Eastern,Cluster 2,0
20,Chon Buri,2,Ban Bueng,377,26,70,79,47,65,90,Eastern,Cluster 0,1
20,Chon Buri,3,Nong Yai,63,4,12,13,8,11,15,Eastern,Cluster 0,3
20,Chon Buri,4,Bang Lamung,1726,120,321,360,214,297,414,Eastern,Cluster 2,0
20,Chon Buri,5,Phan Thong,333,23,62,69,41,57,80,Eastern,Cluster 0,1
20,Chon Buri,6,Phanat Nikhom,325,23,60,68,40,56,78,Eastern,Cluster 0,1
20,Chon Buri,7,Si Racha,1482,103,275,309,184,255,356,Eastern,Cluster 2,0
20,Chon Buri,8,Ko Sichang,15,1,3,3,2,3,4,Eastern,Cluster 0,3
20,Chon Buri,9,Sattahip,623,43,116,130,77,107,149,Eastern,Cluster 1,1
20,Chon Buri,10,Bo Thong,120,8,22,25,15,21,29,Eastern,Cluster 0,3
20,Chon Buri,11,Ko Chan,65,5,12,14,8,11,16,Eastern,Cluster 0,3
21,Rayong,1,Mueang Rayong,1353,113,225,328,162,178,347,Eastern,Cluster 2,0
21,Rayong,2,Ban Chang,306,26,51,74,37,40,79,Eastern,Cluster 0,1
21,Rayong,3,Klaeng,470,39,78,114,56,62,121,Eastern,Cluster 1,1
21,Rayong,4,Wang Chan,94,8,16,23,11,12,24,Eastern,Cluster 0,3
21,Rayong,5,Ban Khai,288,24,48,70,35,38,74,Eastern,Cluster 0,1
21,Rayong,6,Pluak Daeng,590,49,98,143,71,78,152,Eastern,Cluster 1,1
21,Rayong,7,Khao Chamao,81,7,13,20,10,11,21,Eastern,Cluster 0,3
21,Rayong,8,Nikhom Phatthana,204,17,34,49,24,27,52,Eastern,Cluster 0,3
22,Chanthaburi,1,Mueang Chanthaburi,547,103,97,122,57,55,113,Eastern,Cluster 1,1
22,Chanthaburi,2,Khlung,181,34,32,40,19,18,37,Eastern,Cluster 0,3
22,Chanthaburi,3,Tha Mai,222,42,39,50,23,23,46,Eastern,Cluster 0,3
22,Chanthaburi,4,Pong Nam Ron,140,26,25,31,15,14,29,Eastern,Cluster 0,3
22,Chanthaburi,5,Makham,109,20,19,24,11,11,23,Eastern,Cluster 0,3
22,Chanthaburi,6,Laem Sing,93,17,16,21,10,9,19,Eastern,Cluster 0,3
22,Chanthaburi,7,Soi Dao,214,40,38,48,22,22,44,Eastern,Cluster 0,3
22,Chanthaburi,8,Kaeng Hang Maeo,158,30,28,35,16,16,33,Eastern,Cluster 0,3
22,Chanthaburi,9,Na Yai Am,108,20,19,24,11,11,22,Eastern,Cluster 0,3
22,Chanthaburi,10,Khao Khitchakut,102,19,18,23,11,10,21,Eastern,Cluster 0,3
23,Trat,1,Mueang Trat,440,70,85,111,43,47,84,Eastern,Cluster 1,1
23,Trat,2,Khlong Yai,97,15,19,25,9,10,19,Eastern,Cluster 0,3
23,Trat,3,Khao Saming,202,32,39,51,20,21,39,Eastern,Cluster 0,3
23,Trat,4,Bo Rai,172,27,33,43,17,18,33,Eastern,Cluster 0,3
23,Trat,5,Laem Ngop,78,12,15,20,8,8,15,Eastern,Cluster 0,3
23,Trat,6,Ko Kut,18,3,3,5,2,2,3,Eastern,Cluster 0,3
23,Trat,7,Ko Chang,57,9,11,14,6,6,11,Eastern,Cluster 0,3
24,Chachoengsao,1,Mueang Chachoengsao,660,92,123,157,83,83,121,Eastern,Cluster 1,1
24,Chachoengsao,2,Bang Khla,182,25,34,43,23,23,33,Eastern,Cluster 0,3
24,Chachoengsao,3,Bang Nam Priao,248,35,46,59,31,31,45,Eastern,Cluster 0,3
24,Chachoengsao,4,Bang Pakong,468,65,87,112,59,59,86,Eastern,Cluster 1,1
24,Chachoengsao,5,Ban Pho,196,27,37,47,25,25,36,Eastern,Cluster 0,3
24,Chachoengsao,6,Phanom Sarakham,343,48,64,82,43,43,63,Eastern,Cluster 0,1
24,Chachoengsao,7,Ratchasan,43,6,8,10,5,5,8,Eastern,Cluster 0,3
24,Chachoengsao,8,Sanam Chai Khet,236,33,44,56,30,30,43,Eastern,Cluster 0,3
24,Chachoengsao,9,Plaeng Yao,200,28,37,48,25,25,37,Eastern,Cluster 0,3
24,Chachoengsao,10,Tha Takiap,156,22,29,37,20,20,29,Eastern,Cluster 0,3
24,Chachoengsao,11,Khlong Khuean,40,6,8,10,5,5,7,Eastern,Cluster 0,3
25,Prachin Buri,1,Mueang Prachin Buri,473,71,99,100,64,56,83,Eastern,Cluster 1,1
25,Prachin Buri,2,Kabin Buri,611,91,128,129,83,72,108,Eastern,Cluster 1,1
25,Prachin Buri,3,Na Di,208,31,44,44,28,25,37,Eastern,Cluster 0,3
25,Prachin Buri,6,Ban Sang,117,17,24,25,16,14,21,Eastern,Cluster 0,3
25,Prachin Buri,7,Prachantakham,197,29,41,42,27,23,35,Eastern,Cluster 0,3
25,Prachin Buri,8,Si Maha Phot,481,72,101,101,66,57,85,Eastern,Cluster 1,1
25,Prachin Buri,9,Si Mahosot,82,12,17,17,11,10,14,Eastern,Cluster 0,3
26,Nakhon Nayok,1,Mueang Nakhon Nayok,419,106,75,79,49,41,69,Central,Cluster 0,1
26,Nakhon Nayok,2,Pak Phli,91,23,16,17,11,9,15,Central,Cluster 0,3
26,Nakhon Nayok,3,Ban Na,261,66,47,49,31,25,43,Central,Cluster 0,1
26,Nakhon Nayok,4,Ongkharak,228,58,41,43,27,22,38,Central,Cluster 0,3
27,Sa kaeo,1,Mueang Sa Kaeo,437,104,77,71,53,39,94,Eastern,Cluster 0,1
27,Sa kaeo,2,Khlong Hat,137,33,24,22,17,12,29,Eastern,Cluster 0,3
27,Sa kaeo,3,Ta Phraya,173,41,30,28,21,16,37,Eastern,Cluster 0,3
27,Sa kaeo,4,Wang Nam Yen,255,61,45,41,31,23,55,Eastern,Cluster 0,1
27,Sa kaeo,5,Watthana Nakhon,308,73,54,50,37,28,66,Eastern,Cluster 0,1
27,Sa kaeo,6,Aranyaprathet,460,110,81,74,56,41,98,Eastern,Cluster 1,1
27,Sa kaeo,7,Khao Chakan,190,45,33,31,23,17,41,Eastern,Cluster 0,3
27,Sa kaeo,8,Khok Sung,84,20,15,14,10,7,18,Eastern,Cluster 0,3
27,Sa kaeo,9,Wang Sombun,155,37,27,25,19,14,33,Eastern,Cluster 0,3
70,Ratchaburi,1,Mueang Ratchaburi,686,199,166,141,48,53,78,Central,Cluster 1,1
70,Ratchaburi,2,Chom Bueng,203,59,49,42,14,16,23,Central,Cluster 0,3
70,Ratchaburi,3,Suan Phueng,156,45,38,32,11,12,18,Central,Cluster 0,3
70,Ratchaburi,4,Damnoen Saduak,258,75,62,53,18,20,29,Central,Cluster 0,1
70,Ratchaburi,5,Ban Pong,581,168,141,120,41,45,66,Central,Cluster 1,1
70,Ratchaburi,6,Bang Phae,143,41,35,29,10,11,16,Central,Cluster 0,3
70,Ratchaburi,7,Photharam,442,128,107,91,31,34,50,Central,Cluster 0,1
70,Ratchaburi,8,Pak Tho,206,60,50,42,14,16,23,Central,Cluster 0,3
70,Ratchaburi,9,Wat Phleng,36,10,9,7,3,3,4,Central,Cluster 0,3
70,Ratchaburi,10,Ban Kha,84,24,20,17,6,6,10,Central,Cluster 0,3
71,Kanchanaburi,1,Mueang Kanchanaburi,611,185,149,124,55,48,50,Central,Cluster 1,1
71,Kanchanaburi,2,Sai Yok,181,55,44,37,16,14,15,Central,Cluster 0,3
71,Kanchanaburi,3,Bo Phloi,171,52,42,35,15,13,14,Central,Cluster 0,3
71,Kanchanaburi,4,Si Sawat,83,25,20,17,7,6,7,Central,Cluster 0,3
71,Kanchanaburi,5,Tha Maka,381,115,93,77,35,30,31,Central,Cluster 0,1
71,Kanchanaburi,6,Tha Muang,342,103,84,69,31,27,28,Central,Cluster 0,1
71,Kanchanaburi,7,Thong Pha Phum,227,69,56,46,21,18,18,Central,Cluster 0,3
71,Kanchanaburi,8,Sangkhla Buri,115,35,28,23,10,9,9,Central,Cluster 0,3
71,Kanchanaburi,9,Phanom Thuan,146,44,36,30,13,11,12,Central,Cluster 0,3
71,Kanchanaburi,10,Lao Khwan,157,48,38,32,14,12,13,Central,Cluster 0,3
71,Kanchanaburi,11,Dan Makham Tia,95,29,23,19,9,7,8,Central,Cluster 0,3
71,Kanchanaburi,12,Nong Prue,88,27,21,18,8,7,7,Central,Cluster 0,3
71,Kanchanaburi,13,Huai Krachao,91,28,22,18,8,7,7,Central,Cluster 0,3
72,Suphan Buri,1,Mueang Suphan Buri,627,198,175,130,51,40,32,Central,Cluster 1,1
72,Suphan Buri,2,Doem Bang Nang Buat,264,83,74,55,21,17,13,Central,Cluster 0,1
72,Suphan Buri,3,Dan Chang,260,82,73,54,21,17,13,Central,Cluster 0,1
72,Suphan Buri,4,Bang Pla Ma,255,81,71,53,21,16,13,Central,Cluster 0,1
72,Suphan Buri,5,Si Prachan,221,70,62,46,18,14,11,Central,Cluster 0,3
72,Suphan Buri,6,Don Chedi,158,50,44,33,13,10,8,Central,Cluster 0,3
72,Suphan Buri,7,Song Phi Nong,407,129,114,84,33,26,21,Central,Cluster 0,1
72,Suphan Buri,8,Sam Chuk,206,65,58,43,17,13,10,Central,Cluster 0,3
72,Suphan Buri,9,U Thong,385,122,108,80,31,25,19,Central,Cluster 0,1
72,Suphan Buri,10,Nong Ya Sai,168,53,47,35,14,11,8,Central,Cluster 0,3
75,Samut Songkhram,1,Mueang Samut Songkhram,384,94,99,96,39,28,29,Central,Cluster 0,1
75,Samut Songkhram,2,Bang Khonthi,104,26,27,26,11,7,8,Central,Cluster 0,3
75,Samut Songkhram,3,Amphawa,162,40,42,41,16,12,12,Central,Cluster 0,3
76,Phetchaburi,1,Mueang Phetchaburi,515,87,81,111,67,55,113,Central,Cluster 1,1
76,Phetchaburi,2,Khao Yoi,189,32,30,41,25,20,42,Central,Cluster 0,3
76,Phetchaburi,3,Nong Ya Plong,70,12,11,15,9,7,15,Central,Cluster 0,3
76,Phetchaburi,4,Cha-am,612,104,96,132,80,65,135,Central,Cluster 1,1
76,Phetchaburi,5,Tha Yang,359,61,57,77,47,38,79,Central,Cluster 0,1
76,Phetchaburi,6,Ban Lat,180,30,28,39,24,19,40,Central,Cluster 0,3
76,Phetchaburi,7,Ban Laem,182,31,29,39,24,19,40,Central,Cluster 0,3
76,Phetchaburi,8,Kaeng Krachan,154,26,24,33,20,16,34,Central,Cluster 0,3
77,Prachuap Khiri Khan,1,Mueang Prachuap Khiri Khan,261,46,54,54,30,22,57,Central,Cluster 0,1
77,Prachuap Khiri Khan,2,Kui Buri,119,21,24,24,14,10,26,Central,Cluster 0,3
77,Prachuap Khiri Khan,3,Thap Sakae,119,21,24,24,14,10,26,Central,Cluster 0,3
77,Prachuap Khiri Khan,4,Bang Saphan,219,38,45,45,25,18,47,Central,Cluster 0,3
77,Prachuap Khiri Khan,5,Bang Saphan Noi,113,20,23,23,13,10,24,Central,Cluster 0,3
77,Prachuap Khiri Khan,6,Pran Buri,284,50,58,58,33,24,62,Central,Cluster 0,1
77,Prachuap Khiri Khan,7,Hua Hin,536,94,110,110,61,45,116,Central,Cluster 1,1
77,Prachuap Khiri Khan,8,Sam Roi Yot,79,14,16,16,9,7,17,Central,Cluster 0,3
50,Chiang Mai,1,Mueang Chiang Mai,1474,585,420,235,89,85,59,Northern,Cluster 1,0
50,Chiang Mai,2,Chom Thong,216,86,62,34,13,13,9,Northern,Cluster 0,3
50,Chiang Mai,3,Mae Chaem,169,67,48,27,10,10,7,Northern,Cluster 0,3
50,Chiang Mai,4,Chiang Dao,289,115,82,46,17,17,12,Northern,Cluster 0,1
50,Chiang Mai,5,Doi Saket,307,122,88,49,18,18,12,Northern,Cluster 0,1
50,Chiang Mai,6,Mae Taeng,310,123,88,49,19,18,12,Northern,Cluster 0,1
50,Chiang Mai,7,Mae Rim,369,147,105,59,22,21,15,Northern,Cluster 0,1
50,Chiang Mai,8,Samoeng,74,29,21,12,4,4,3,Northern,Cluster 0,3
50,Chiang Mai,9,Fang,405,161,115,65,24,23,16,Northern,Cluster 0,1
50,Chiang Mai,10,Mae Ai,289,115,82,46,17,17,12,Northern,Cluster 0,1
50,Chiang Mai,11,Phrao,190,76,54,30,11,11,8,Northern,Cluster 0,3
50,Chiang Mai,12,San Pa Tong,297,118,85,47,18,17,12,Northern,Cluster 0,1
50,Chiang Mai,13,San Kamphaeng,391,155,111,62,24,23,16,Northern,Cluster 0,1
50,Chiang Mai,14,San Sai,593,235,169,95,36,34,24,Northern,Cluster 1,1
50,Chiang Mai,15,Hang Dong,408,162,116,65,25,24,16,Northern,Cluster 0,1
50,Chiang Mai,16,Hot,150,60,43,24,9,9,6,Northern,Cluster 0,3
50,Chiang Mai,17,Doi Tao,95,38,27,15,6,6,4,Northern,Cluster 0,3
50,Chiang Mai,18,Omkoi,198,79,56,32,12,11,8,Northern,Cluster 0,3
50,Chiang Mai,19,Saraphi,340,135,97,54,20,20,14,Northern,Cluster 0,1
50,Chiang Mai,20,Wiang Haeng,81,32,23,13,5,5,3,Northern,Cluster 0,3
50,Chiang Mai,21,Chai Prakan,162,64,46,26,10,9,7,Northern,Cluster 0,3
50,Chiang Mai,22,Mae Wang,105,42,30,17,6,6,4,Northern,Cluster 0,3
50,Chiang Mai,23,Mae On,83,33,24,13,5,5,3,Northern,Cluster 0,3
50,Chiang Mai,24,Doi Lo,104,41,30,17,6,6,4,Northern,Cluster 0,3
50,Chiang Mai,25,Galayani Vadhana,34,14,10,5,2,2,1,Northern,Cluster 0,3
51,Lamphun,1,Mueang Lamphun,696,154,125,128,79,87,123,Northern,Cluster 1,1
51,Lamphun,2,Mae Tha,157,35,28,29,18,19,28,Northern,Cluster 0,3
51,Lamphun,3,Ban Hong,150,33,27,28,17,19,26,Northern,Cluster 0,3
51,Lamphun,4,Li,231,51,42,43,26,29,41,Northern,Cluster 0,3
51,Lamphun,5,Thung Hua Chang,70,16,13,13,8,9,12,Northern,Cluster 0,3
51,Lamphun,6,Pa Sang,225,50,40,41,25,28,40,Northern,Cluster 0,3
51,Lamphun,7,Ban Thi,69,15,12,13,8,9,12,Northern,Cluster 0,3
51,Lamphun,8,Wiang Nong Long,71,16,13,13,8,9,12,Northern,Cluster 0,3
52,Lampang,1,Mueang Lampang,1030,346,210,187,112,63,112,Northern,Cluster 1,0
52,Lampang,2,Mae Mo,172,58,35,31,19,11,19,Northern,Cluster 0,3
52,Lampang,3,Ko Kha,217,73,44,39,24,13,24,Northern,Cluster 0,3
52,Lampang,4,Soem Ngam,105,35,21,19,11,6,11,Northern,Cluster 0,3
52,Lampang,5,Ngao,202,68,41,37,22,12,22,Northern,Cluster 0,3
52,Lampang,6,Chae Hom,148,50,30,27,16,9,16,Northern,Cluster 0,3
52,Lampang,7,Wang Nuea,159,54,32,29,17,10,17,Northern,Cluster 0,3
52,Lampang,8,Thoen,218,73,44,40,24,13,24,Northern,Cluster 0,3
52,Lampang,9,Mae Phrik,56,19,11,10,6,3,6,Northern,Cluster 0,3
52,Lampang,10,Mae Tha,216,72,44,39,24,13,23,Northern,Cluster 0,3
52,Lampang,11,Sop Prap,87,29,18,16,9,5,9,Northern,Cluster 0,3
52,Lampang,12,Hang Chat,203,68,41,37,22,12,22,Northern,Cluster 0,3
52,Lampang,13,Mueang Pan,116,39,24,21,13,7,13,Northern,Cluster 0,3
53,Uttaradit,1,Mueang Uttaradit,561,179,117,114,46,42,63,Northern,Cluster 1,1
53,Uttaradit,2,Tron,110,35,23,23,9,8,12,Northern,Cluster 0,3
53,Uttaradit,3,Tha Pla,136,43,28,28,11,10,15,Northern,Cluster 0,3
53,Uttaradit,4,Nam Pat,126,40,26,26,10,9,14,Northern,Cluster 0,3
53,Uttaradit,5,Fak Tha,52,16,11,11,4,4,6,Northern,Cluster 0,3
53,Uttaradit,6,Ban Khok,59,19,12,12,5,4,7,Northern,Cluster 0,3
53,Uttaradit,7,Phichai,252,80,53,51,21,19,28,Northern,Cluster 0,1
53,Uttaradit,8,Laplae,209,67,44,43,17,16,23,Northern,Cluster 0,3
53,Uttaradit,9,Thong Saen Khan,106,34,22,22,9,8,12,Northern,Cluster 0,3
54,Phrae,1,Mueang Phrae,516,141,125,111,33,35,71,Northern,Cluster 1,1
54,Phrae,2,Rong Kwang,177,48,43,38,11,12,25,Northern,Cluster 0,3
54,Phrae,3,Long,173,47,42,37,11,12,24,Northern,Cluster 0,3
54,Phrae,4,Sung Men,284,78,69,61,18,19,39,Northern,Cluster 0,1
54,Phrae,5,Den Chai,145,40,35,31,9,10,20,Northern,Cluster 0,3
54,Phrae,6,Song,183,50,45,39,12,12,25,Northern,Cluster 0,3
54,Phrae,7,Wang Chin,158,43,38,34,10,11,22,Northern,Cluster 0,3
54,Phrae,8,Nong Muang Khai,67,18,16,14,4,5,9,Northern,Cluster 0,3
55,Nan,1,Mueang Nan,337,132,73,66,16,21,30,Northern,Cluster 0,1
55,Nan,2,Mae Charim,49,19,11,9,2,3,4,Northern,Cluster 0,3
55,Nan,3,Ban Luang,40,15,9,8,2,2,4,Northern,Cluster 0,3
55,Nan,4,Na Noi,114,44,25,22,5,7,10,Northern,Cluster 0,3
55,Nan,5,Pua,204,79,44,40,10,13,18,Northern,Cluster 0,3
55,Nan,6,Tha Wang Pha,167,65,36,33,8,10,15,Northern,Cluster 0,3
55,Nan,7,Wiang Sa,252,98,55,49,12,16,23,Northern,Cluster 0,1
55,Nan,8,Thung Chang,63,25,14,12,3,4,6,Northern,Cluster 0,3
55,Nan,9,Chiang Klang,94,37,20,18,5,6,8,Northern,Cluster 0,3
55,Nan,10,Na Muen,45,17,10,9,2,3,4,Northern,Cluster 0,3
55,Nan,11,Santi Suk,50,19,11,10,2,3,4,Northern,Cluster 0,3
55,Nan,12,Bo Kluea,47,18,10,9,2,3,4,Northern,Cluster 0,3
55,Nan,13,Song Khwae,37,14,8,7,2,2,3,Northern,Cluster 0,3
55,Nan,14,Phu Phiang,130,51,28,25,6,8,12,Northern,Cluster 0,3
55,Nan,15,Chaloem Phra Kiat Nan,33,13,7,6,2,2,3,Northern,Cluster 0,3
56,Phayao,1,Mueang Phayao,474,197,117,71,29,25,34,Northern,Cluster 0,1
56,Phayao,2,Chun,176,73,43,27,11,9,13,Northern,Cluster 0,3
56,Phayao,3,Chiang Kham,265,110,65,40,16,14,19,Northern,Cluster 0,1
56,Phayao,4,Chiang Muan,67,28,17,10,4,4,5,Northern,Cluster 0,3
56,Phayao,5,Dok Khamtai,229,95,56,35,14,12,17,Northern,Cluster 0,3
56,Phayao,6,Pong,152,63,38,23,9,8,11,Northern,Cluster 0,3
56,Phayao,7,Mae Chai,126,52,31,19,8,7,9,Northern,Cluster 0,3
56,Phayao,8,Phu Sang,109,45,27,16,7,6,8,Northern,Cluster 0,3
56,Phayao,9,Phu Kamyao,73,31,18,11,5,4,5,Northern,Cluster 0,3
57,Chiang Rai,1,Mueang Chiang Rai,978,441,278,147,33,35,43,Northern,Cluster 1,0
57,Chiang Rai,2,Wiang Chai,135,61,38,20,5,5,6,Northern,Cluster 0,3
57,Chiang Rai,3,Chiang Khong,207,93,59,31,7,7,9,Northern,Cluster 0,3
57,Chiang Rai,4,Thoeng,251,113,72,38,9,9,11,Northern,Cluster 0,1
57,Chiang Rai,5,Phan,391,176,111,59,13,14,17,Northern,Cluster 0,1
57,Chiang Rai,6,Pa Daet,72,32,20,11,2,3,3,Northern,Cluster 0,3
57,Chiang Rai,7,Mae Chan,343,155,98,52,12,12,15,Northern,Cluster 0,1
57,Chiang Rai,8,Chiang Saen,186,84,53,28,6,7,8,Northern,Cluster 0,3
57,Chiang Rai,9,Mae Sai,401,181,114,60,14,14,18,Northern,Cluster 0,1
57,Chiang Rai,10,Mae Suai,240,108,68,36,8,9,11,Northern,Cluster 0,1
57,Chiang Rai,11,Wiang Pa Pao,214,97,61,32,7,8,9,Northern,Cluster 0,3
57,Chiang Rai,12,Phaya Mengrai,117,53,33,18,4,4,5,Northern,Cluster 0,3
57,Chiang Rai,13,Wiang Kaen,94,43,27,14,3,3,4,Northern,Cluster 0,3
57,Chiang Rai,14,Khun Tan,89,40,25,13,3,3,4,Northern,Cluster 0,3
57,Chiang Rai,15,Mae Fa Luang,184,83,52,28,6,7,8,Northern,Cluster 0,3
57,Chiang Rai,16,Mae Lao,103,47,29,16,4,4,5,Northern,Cluster 0,3
57,Chiang Rai,17,Wiang Chiang Rung,77,35,22,12,3,3,3,Northern,Cluster 0,3
57,Chiang Rai,18,Doi Luang,66,30,19,10,2,2,3,Northern,Cluster 0,3
58,Mae Hong Son,1,Mueang Mae Hong Son,171,85,33,28,9,4,12,Northern,Cluster 0,3
58,Mae Hong Son,2,Khun Yuam,58,29,11,10,3,1,4,Northern,Cluster 0,3
58,Mae Hong Son,3,Pai,102,51,19,17,6,2,7,Northern,Cluster 0,3
58,Mae Hong Son,4,Mae Sariang,147,73,28,24,8,3,11,Northern,Cluster 0,3
58,Mae Hong Son,5,Mae La Noi,79,39,15,13,4,2,6,Northern,Cluster 0,3
58,Mae Hong Son,6,Sop Moei,107,53,20,18,6,2,8,Northern,Cluster 0,3
58,Mae Hong Son,7,Pang Mapha,52,26,10,9,3,1,4,Northern,Cluster 0,3
60,Nakhon Sawan,1,Mueang Nakhon Sawan,969,187,273,187,94,93,134,Central,Cluster 1,0
60,Nakhon Sawan,2,Krok Phra,105,20,30,20,10,10,15,Central,Cluster 0,3
60,Nakhon Sawan,3,Chum Saeng,208,40,59,40,20,20,29,Central,Cluster 0,3
60,Nakhon Sawan,4,Nong Bua,245,47,69,47,24,24,34,Central,Cluster 0,3
60,Nakhon Sawan,5,Banphot Phisai,262,51,74,51,25,25,36,Central,Cluster 0,3
60,Nakhon Sawan,6,Kao Liao,110,21,31,21,11,11,15,Central,Cluster 0,3
60,Nakhon Sawan,7,Takhli,352,68,99,68,34,34,49,Central,Cluster 0,1
60,Nakhon Sawan,8,Tha Tako,229,44,65,44,22,22,32,Central,Cluster 0,3
60,Nakhon Sawan,9,Phaisali,223,43,63,43,22,21,31,Central,Cluster 0,3
60,Nakhon Sawan,10,Phayuha Khiri,232,45,66,45,22,22,32,Central,Cluster 0,3
60,Nakhon Sawan,11,Lat Yao,283,55,80,55,27,27,39,Central,Cluster 0,1
60,Nakhon Sawan,12,Tak Fa,133,26,37,26,13,13,18,Central,Cluster 0,3
60,Nakhon Sawan,13,Mae Wong,164,32,46,32,16,16,23,Central,Cluster 0,3
60,Nakhon Sawan,14,Mae Poen,59,11,17,11,6,6,8,Central,Cluster 0,3
60,Nakhon Sawan,15,Chum Ta Bong,55,11,16,11,5,5,8,Central,Cluster 0,3
61,Uthai Thani,1,Mueang Uthai Thani,199,54,55,37,12,16,25,Central,Cluster 0,3
61,Uthai Thani,2,Thap Than,113,31,31,21,7,9,14,Central,Cluster 0,3
61,Uthai Thani,3,Sawang Arom,102,28,28,19,6,8,13,Central,Cluster 0,3
61,Uthai Thani,4,Nong Chang,135,37,37,25,8,11,17,Central,Cluster 0,3
61,Uthai Thani,5,Nong Khayang,51,14,14,10,3,4,6,Central,Cluster 0,3
61,Uthai Thani,6,Ban Rai,228,62,63,43,14,18,28,Central,Cluster 0,3
61,Uthai Thani,7,Lan Sak,175,47,48,33,11,14,22,Central,Cluster 0,3
61,Uthai Thani,8,Huai Khot,63,17,17,12,4,5,8,Central,Cluster 0,3
62,Kamphaeng Phet,1,Mueang Kamphaeng Phet,859,149,239,229,95,62,84,Northern,Cluster 1,0
62,Kamphaeng Phet,2,Sai Ngam,169,29,47,45,19,12,17,Northern,Cluster 0,3
62,Kamphaeng Phet,3,Khlong Lan,230,40,64,62,26,17,23,Northern,Cluster 0,3
62,Kamphaeng Phet,4,Khanu Woralaksaburi,402,70,112,107,45,29,39,Northern,Cluster 0,1
62,Kamphaeng Phet,5,Khlong Khlung,289,50,80,77,32,21,28,Northern,Cluster 0,1
62,Kamphaeng Phet,6,Phran Kratai,245,42,68,65,27,18,24,Northern,Cluster 0,3
62,Kamphaeng Phet,7,Lan Krabue,150,26,42,40,17,11,15,Northern,Cluster 0,3
62,Kamphaeng Phet,8,Sai Thong Watthana,74,13,20,20,8,5,7,Northern,Cluster 0,3
62,Kamphaeng Phet,9,Pang Sila Thong,108,19,30,29,12,8,11,Northern,Cluster 0,3
62,Kamphaeng Phet,10,Bueng Samakkhi,105,18,29,28,12,8,10,Northern,Cluster 0,3
62,Kamphaeng Phet,11,Kosamphi Nakhon,104,18,29,28,12,8,10,Northern,Cluster 0,3
63,Tak,1,Mueang Tak,332,117,70,46,25,26,48,Northern,Cluster 0,1
63,Tak,2,Ban Tak,123,43,26,17,9,10,18,Northern,Cluster 0,3
63,Tak,3,Sam Ngao,90,32,19,13,7,7,13,Northern,Cluster 0,3
63,Tak,4,Mae Ramat,158,56,33,22,12,13,23,Northern,Cluster 0,3
63,Tak,5,Tha Song Yang,193,68,40,27,15,15,28,Northern,Cluster 0,3
63,Tak,6,Mae Sot,476,168,100,66,36,38,68,Northern,Cluster 0,1
63,Tak,7,Phop Phra,175,62,37,24,13,14,25,Northern,Cluster 0,3
63,Tak,8,Umphang,91,32,19,13,7,7,13,Northern,Cluster 0,3
63,Tak,9,Wang Chao,85,30,18,12,6,7,12,Northern,Cluster 0,3
64,Sukhothai,1,Mueang Sukhothai,434,112,95,80,46,37,63,Northern,Cluster 0,1
64,Sukhothai,2,Ban Dan Lan Hoi,166,43,36,31,18,14,24,Northern,Cluster 0,3
64,Sukhothai,3,Khiri Mat,193,50,42,36,21,16,28,Northern,Cluster 0,3
64,Sukhothai,4,Kong Krailat,238,61,52,44,25,20,35,Northern,Cluster 0,3
64,Sukhothai,5,Si Satchanalai,384,99,84,71,41,33,56,Northern,Cluster 0,1
64,Sukhothai,6,Si Samrong,273,70,60,50,29,23,40,Northern,Cluster 0,1
64,Sukhothai,7,Sawankhalok,349,90,76,65,37,30,51,Northern,Cluster 0,1
64,Sukhothai,8,Si Nakhon,105,27,23,19,11,9,15,Northern,Cluster 0,3
64,Sukhothai,9,Thung Saliam,187,48,41,35,20,16,27,Northern,Cluster 0,3
65,Phitsanulok,1,Mueang Phitsanulok,1348,386,331,273,129,79,150,Northern,Cluster 1,0
65,Phitsanulok,2,Nakhon Thai,319,91,78,65,31,19,35,Northern,Cluster 0,1
65,Phitsanulok,3,Chat Trakan,145,42,36,29,14,8,16,Northern,Cluster 0,3
65,Phitsanulok,4,Bang Rakam,326,93,80,66,31,19,36,Northern,Cluster 0,1
65,Phitsanulok,5,Bang Krathum,162,46,40,33,16,9,18,Northern,Cluster 0,3
65,Phitsanulok,6,Phrom Phiram,322,92,79,65,31,19,36,Northern,Cluster 0,1
65,Phitsanulok,7,Wat Bot,147,42,36,30,14,9,16,Northern,Cluster 0,3
65,Phitsanulok,8,Wang Thong,434,124,107,88,42,25,48,Northern,Cluster 0,1
65,Phitsanulok,9,Noen Maprang,212,61,52,43,20,12,24,Northern,Cluster 0,3
66,Phichit,1,Mueang Phichit,435,105,100,103,41,30,57,Northern,Cluster 0,1
66,Phichit,2,Wang Sai Phun,81,20,19,19,8,6,11,Northern,Cluster 0,3
66,Phichit,3,Pho Prathap Chang,148,36,34,35,14,10,19,Northern,Cluster 0,3
66,Phichit,4,Taphan Hin,244,59,56,58,23,17,32,Northern,Cluster 0,3
66,Phichit,5,Bang Mun Nak,193,46,45,46,18,13,25,Northern,Cluster 0,3
66,Phichit,6,Pho Thale,201,48,46,47,19,14,26,Northern,Cluster 0,3
66,Phichit,7,Sam Ngam,149,36,34,35,14,10,19,Northern,Cluster 0,3
66,Phichit,8,Thap Khlo,162,39,37,38,15,11,21,Northern,Cluster 0,3
66,Phichit,9,Sak Lek,84,20,19,20,8,6,11,Northern,Cluster 0,3
66,Phichit,10,Bueng Na Rang,105,25,24,25,10,7,14,Northern,Cluster 0,3
66,Phichit,11,Dong Charoen,61,15,14,14,6,4,8,Northern,Cluster 0,3
66,Phichit,12,Wachirabarami,107,26,25,25,10,7,14,Northern,Cluster 0,3
67,Phetchabun,1,Mueang Phetchabun,756,131,192,202,90,58,83,Northern,Cluster 1,1
67,Phetchabun,2,Chon Daen,284,49,72,76,34,22,31,Northern,Cluster 0,1
67,Phetchabun,3,Lom Sak,495,86,126,132,59,38,55,Northern,Cluster 1,1
67,Phetchabun,4,Lom Kao,189,33,48,50,22,15,21,Northern,Cluster 0,3
67,Phetchabun,5,Wichian Buri,410,71,104,110,49,32,45,Northern,Cluster 0,1
67,Phetchabun,6,Si Thep,219,38,56,59,26,17,24,Northern,Cluster 0,3
67,Phetchabun,7,Nong Phai,343,59,87,92,41,26,38,Northern,Cluster 0,1
67,Phetchabun,8,Bueng Sam Phan,271,47,69,72,32,21,30,Northern,Cluster 0,1
67,Phetchabun,9,Nam Nao,61,11,16,16,7,5,7,Northern,Cluster 0,3
67,Phetchabun,10,Wang Pong,108,19,27,29,13,8,12,Northern,Cluster 0,3
67,Phetchabun,11,Khao Kho,125,22,32,33,15,10,14,Northern,Cluster 0,3
30,Nakhon Ratchasima,1,Mueang Nakhon Ratchasima,1991,412,347,398,221,210,403,Northeastern,Cluster 2,0
30,Nakhon Ratchasima,2,Khon Buri,315,65,55,63,35,33,64,Northeastern,Cluster 0,1
30,Nakhon Ratchasima,3,Soeng Sang,190,39,33,38,21,20,38,Northeastern,Cluster 0,3
30,Nakhon Ratchasima,4,Khong,195,40,34,39,22,21,40,Northeastern,Cluster 0,3
30,Nakhon Ratchasima,5,Ban Lueam,54,11,9,11,6,6,11,Northeastern,Cluster 0,3
30,Nakhon Ratchasima,6,Chakkarat,179,37,31,36,20,19,36,Northeastern,Cluster 0,3
30,Nakhon Ratchasima,7,Chok Chai,285,59,50,57,32,30,58,Northeastern,Cluster 0,1
30,Nakhon Ratchasima,8,Dan Khun Thot,358,74,62,72,40,38,72,Northeastern,Cluster 0,1
30,Nakhon Ratchasima,9,Non Thai,189,39,33,38,21,20,38,Northeastern,Cluster 0,3
30,Nakhon Ratchasima,10,Non Sung,320,66,56,64,35,34,65,Northeastern,Cluster 0,1
30,Nakhon Ratchasima,11,Kham Sakaesaeng,111,23,19,22,12,12,22,Northeastern,Cluster 0,3
30,Nakhon Ratchasima,12,Bua Yai,222,46,39,44,25,23,45,Northeastern,Cluster 0,3
30,Nakhon Ratchasima,13,Prathai,189,39,33,38,21,20,38,Northeastern,Cluster 0,3
30,Nakhon Ratchasima,14,Pak Thong Chai,358,74,62,72,40,38,72,Northeastern,Cluster 0,1
30,Nakhon Ratchasima,15,Phimai,353,73,61,71,39,37,72,Northeastern,Cluster 0,1
30,Nakhon Ratchasima,16,Huai Thalaeng,185,38,32,37,20,19,37,Northeastern,Cluster 0,3
30,Nakhon Ratchasima,17,Chum Phuang,203,42,35,41,23,21,41,Northeastern,Cluster 0,3
30,Nakhon Ratchasima,18,Sung Noen,308,64,54,62,34,32,62,Northeastern,Cluster 0,1
30,Nakhon Ratchasima,19,Kham Thale So,87,18,15,17,10,9,18,Northeastern,Cluster 0,3
30,Nakhon Ratchasima,20,Sikhio,422,87,73,84,47,44,85,Northeastern,Cluster 0,1
30,Nakhon Ratchasima,21,Pak Chong,894,185,156,179,99,94,181,Northeastern,Cluster 1,0
30,Nakhon Ratchasima,22,Nong Bunmak,157,33,27,31,17,17,32,Northeastern,Cluster 0,3
30,Nakhon Ratchasima,23,Kaeng Sanam Nang,93,19,16,19,10,10,19,Northeastern,Cluster 0,3
30,Nakhon Ratchasima,24,Non Daeng,61,13,11,12,7,6,12,Northeastern,Cluster 0,3
30,Nakhon Ratchasima,25,Wang Nam Khiao,167,35,29,33,19,18,34,Northeastern,Cluster 0,3
30,Nakhon Ratchasima,26,Thepharak,70,15,12,14,8,7,14,Northeastern,Cluster 0,3
30,Nakhon Ratchasima,27,Mueang Yang,66,14,11,13,7,7,13,Northeastern,Cluster 0,3
30,Nakhon Ratchasima,28,Phra Thong Kham,116,24,20,23,13,12,23,Northeastern,Cluster 0,3
30,Nakhon Ratchasima,29,Lam Thamenchai,80,17,14,16,9,8,16,Northeastern,Cluster 0,3
30,Nakhon Ratchasima,30,Bua Lai,61,13,11,12,7,6,12,Northeastern,Cluster 0,3
30,Nakhon Ratchasima,31,Sida,61,13,11,12,7,6,12,Northeastern,Cluster 0,3
30,Nakhon Ratchasima,32,Chaloem Phra Kiet Nakornsi,97,20,17,19,11,10,20,Northeastern,Cluster 0,3
31,Buri Ram,1,Mueang Buri Ram,655,246,166,67,61,46,69,Northeastern,Cluster 1,1
31,Buri Ram,2,Khu Mueang,166,62,42,17,15,12,18,Northeastern,Cluster 0,3
31,Buri Ram,3,Krasang,238,89,60,24,22,17,25,Northeastern,Cluster 0,3
31,Buri Ram,4,Nang Rong,316,119,80,32,29,22,33,Northeastern,Cluster 0,1
31,Buri Ram,5,Nong Ki,176,66,45,18,16,12,19,Northeastern,Cluster 0,3
31,Buri Ram,6,Lahan Sai,184,69,47,19,17,13,19,Northeastern,Cluster 0,3
31,Buri Ram,7,Prakhon Chai,334,126,85,34,31,24,35,Northeastern,Cluster 0,1
31,Buri Ram,8,Ban Kruat,195,73,49,20,18,14,21,Northeastern,Cluster 0,3
31,Buri Ram,9,Phutthaisong,123,46,31,13,11,9,13,Northeastern,Cluster 0,3
31,Buri Ram,10,Lam Plai Mat,322,121,82,33,30,23,34,Northeastern,Cluster 0,1
31,Buri Ram,11,Satuek,277,104,70,28,26,20,29,Northeastern,Cluster 0,1
31,Buri Ram,12,Pakham,125,47,32,13,12,9,13,Northeastern,Cluster 0,3
31,Buri Ram,13,Na Pho,82,31,21,8,8,6,9,Northeastern,Cluster 0,3
31,Buri Ram,14,Nong Hong,116,44,29,12,11,8,12,Northeastern,Cluster 0,3
31,Buri Ram,15,Phlapphla Chai,100,38,25,10,9,7,11,Northeastern,Cluster 0,3
31,Buri Ram,16,Huai Rat,81,30,20,8,7,6,9,Northeastern,Cluster 0,3
31,Buri Ram,17,Non Suwan,63,24,16,6,6,4,7,Northeastern,Cluster 0,3
31,Buri Ram,18,Chamni,77,29,19,8,7,5,8,Northeastern,Cluster 0,3
31,Buri Ram,19,Ban Mai Chaiyaphot,63,24,16,7,6,4,7,Northeastern,Cluster 0,3
31,Buri Ram,20,Non Din Daeng,79,30,20,8,7,6,8,Northeastern,Cluster 0,3
31,Buri Ram,21,Ban Dan,66,25,17,7,6,5,7,Northeastern,Cluster 0,3
31,Buri Ram,22,Khaen Dong,79,30,20,8,7,6,8,Northeastern,Cluster 0,3
31,Buri Ram,23,Chaloem Phra Kiat Burirum,100,38,25,10,9,7,11,Northeastern,Cluster 0,3
32,Surin,1,Mueang Surin,886,267,199,151,72,86,112,Northeastern,Cluster 1,0
32,Surin,2,Chumphon Buri,191,58,43,33,16,18,24,Northeastern,Cluster 0,3
32,Surin,3,Tha Tum,244,74,55,42,20,24,31,Northeastern,Cluster 0,3
32,Surin,4,Chom Phra,153,46,34,26,13,15,19,Northeastern,Cluster 0,3
32,Surin,5,Prasat,440,132,99,75,36,43,55,Northeastern,Cluster 0,1
32,Surin,6,Kap Choeng,180,54,40,31,15,17,23,Northeastern,Cluster 0,3
32,Surin,7,Rattanaburi,241,73,54,41,20,23,30,Northeastern,Cluster 0,3
32,Surin,8,Sanom,116,35,26,20,9,11,15,Northeastern,Cluster 0,3
32,Surin,9,Sikhoraphum,343,103,77,58,28,33,43,Northeastern,Cluster 0,1
32,Surin,10,Sangkha,352,106,79,60,29,34,44,Northeastern,Cluster 0,1
32,Surin,11,Lamduan,85,26,19,15,7,8,11,Northeastern,Cluster 0,3
32,Surin,12,Samrong Thap,127,38,28,22,10,12,16,Northeastern,Cluster 0,3
32,Surin,13,Buachet,116,35,26,20,9,11,15,Northeastern,Cluster 0,3
32,Surin,14,Phanom Dong Rak,118,36,27,20,10,11,15,Northeastern,Cluster 0,3
32,Surin,15,Si Narong,110,33,25,19,9,11,14,Northeastern,Cluster 0,3
32,Surin,16,Khwao Sinrin,95,29,21,16,8,9,12,Northeastern,Cluster 0,3
32,Surin,17,Non Narai,82,25,18,14,7,8,10,Northeastern,Cluster 0,3
33,Si Sa Ket,1,Mueang Si Sa Ket,430,138,116,71,36,26,44,Northeastern,Cluster 0,1
33,Si Sa Ket,2,Yang Chum Noi,88,28,24,14,7,5,9,Northeastern,Cluster 0,3
33,Si Sa Ket,3,Kanthararom,240,77,65,40,20,14,24,Northeastern,Cluster 0,1
33,Si Sa Ket,4,Kantharalak,519,166,140,86,43,31,53,Northeastern,Cluster 1,1
33,Si Sa Ket,5,Khukhan,330,106,89,55,27,20,34,Northeastern,Cluster 0,1
33,Si Sa Ket,6,Phrai Bueng,106,34,29,17,9,6,11,Northeastern,Cluster 0,3
33,Si Sa Ket,7,Prang Ku,146,47,39,24,12,9,15,Northeastern,Cluster 0,3
33,Si Sa Ket,8,Khun Han,250,80,68,41,21,15,25,Northeastern,Cluster 0,1
33,Si Sa Ket,9,Rasi Salai,196,63,53,32,16,12,20,Northeastern,Cluster 0,3
33,Si Sa Ket,10,Uthumphon Phisai,243,78,66,40,20,14,25,Northeastern,Cluster 0,1
33,Si Sa Ket,11,Bueng Bun,26,8,7,4,2,2,3,Northeastern,Cluster 0,3
33,Si Sa Ket,12,Huai Thap Than,88,28,24,15,7,5,9,Northeastern,Cluster 0,3
33,Si Sa Ket,13,Non Khun,94,30,26,16,8,6,10,Northeastern,Cluster 0,3
33,Si Sa Ket,14,Si Rattana,116,37,31,19,10,7,12,Northeastern,Cluster 0,3
33,Si Sa Ket,15,Nam Kliang,99,32,27,16,8,6,10,Northeastern,Cluster 0,3
33,Si Sa Ket,16,Wang Hin,107,34,29,18,9,6,11,Northeastern,Cluster 0,3
33,Si Sa Ket,17,Phu Sing,140,45,38,23,12,8,14,Northeastern,Cluster 0,3
33,Si Sa Ket,18,Mueang Chan,38,12,10,6,3,2,4,Northeastern,Cluster 0,3
33,Si Sa Ket,19,Benchalak,81,26,22,13,7,5,8,Northeastern,Cluster 0,3
33,Si Sa Ket,20,Phayu,85,27,23,14,7,5,9,Northeastern,Cluster 0,3
33,Si Sa Ket,21,Pho Si Suwan,50,16,13,8,4,3,5,Northeastern,Cluster 0,3
33,Si Sa Ket,22,Sila Lat,47,15,13,8,4,3,5,Northeastern,Cluster 0,3
34,Ubon Ratchathani,1,Mueang Ubon Ratchathani,828,221,186,176,77,82,87,Northeastern,Cluster 1,0
34,Ubon Ratchathani,2,Si Mueang Mai,190,51,43,40,18,19,20,Northeastern,Cluster 0,3
34,Ubon Ratchathani,3,Khong Chiam,101,27,23,21,9,10,11,Northeastern,Cluster 0,3
34,Ubon Ratchathani,4,Khueang Nai,267,71,60,57,25,26,28,Northeastern,Cluster 0,1
34,Ubon Ratchathani,5,Khemarat,225,60,50,48,21,22,24,Northeastern,Cluster 0,3
34,Ubon Ratchathani,7,Det Udom,605,161,136,129,56,60,64,Northeastern,Cluster 1,1
34,Ubon Ratchathani,8,Na Chaluai,180,48,40,38,17,18,19,Northeastern,Cluster 0,3
34,Ubon Ratchathani,9,Nam Yuen,219,58,49,46,20,22,23,Northeastern,Cluster 0,3
34,Ubon Ratchathani,10,Buntharik,277,74,62,59,26,27,29,Northeastern,Cluster 0,1
34,Ubon Ratchathani,11,Trakan Phuet Phon,303,81,68,64,28,30,32,Northeastern,Cluster 0,1
34,Ubon Ratchathani,12,Kut Khaopun,97,26,22,21,9,10,10,Northeastern,Cluster 0,3
34,Ubon Ratchathani,14,Muang Sam Sip,217,58,49,46,20,21,23,Northeastern,Cluster 0,3
34,Ubon Ratchathani,15,Warin Chamrap,526,140,118,112,49,52,55,Northeastern,Cluster 1,1
34,Ubon Ratchathani,19,Phibun Mangsahan,391,104,88,83,36,39,41,Northeastern,Cluster 0,1
34,Ubon Ratchathani,20,Tan Sum,81,22,18,17,8,8,9,Northeastern,Cluster 0,3
34,Ubon Ratchathani,21,Pho Sai,113,30,25,24,11,11,12,Northeastern,Cluster 0,3
34,Ubon Ratchathani,22,Samrong,132,35,30,28,12,13,14,Northeastern,Cluster 0,3
34,Ubon Ratchathani,24,Don Mot Daeng,70,19,16,15,7,7,7,Northeastern,Cluster 0,3
34,Ubon Ratchathani,25,Sirindhorn,171,46,38,36,16,17,18,Northeastern,Cluster 0,3
34,Ubon Ratchathani,26,Thung Si Udom,78,21,18,17,7,8,8,Northeastern,Cluster 0,3
34,Ubon Ratchathani,29,Na Yia,62,16,14,13,6,6,7,Northeastern,Cluster 0,3
34,Ubon Ratchathani,30,Na Tan,98,26,22,21,9,10,10,Northeastern,Cluster 0,3
34,Ubon Ratchathani,31,Lao Suea Kok,68,18,15,14,6,7,7,Northeastern,Cluster 0,3
34,Ubon Ratchathani,32,Sawang Wirawong,82,22,18,17,8,8,9,Northeastern,Cluster 0,3
34,Ubon Ratchathani,33,Nam Khun,98,26,22,21,9,10,10,Northeastern,Cluster 0,3
35,Yasothon,1,Mueang Yasothon,450,125,150,80,28,21,46,Northeastern,Cluster 0,1
35,Yasothon,2,Sai Mun,92,26,31,16,6,4,9,Northeastern,Cluster 0,3
35,Yasothon,3,Kut Chum,207,58,69,37,13,10,21,Northeastern,Cluster 0,3
35,Yasothon,4,Kham Khuean Kaeo,198,55,66,35,12,9,20,Northeastern,Cluster 0,3
35,Yasothon,5,Pa Tio,106,30,36,19,7,5,11,Northeastern,Cluster 0,3
35,Yasothon,6,Maha Chana Chai,154,43,51,27,10,7,16,Northeastern,Cluster 0,3
35,Yasothon,7,Kho Wang,67,19,22,12,4,3,7,Northeastern,Cluster 0,3
35,Yasothon,8,Loeng Nok Tha,296,82,99,52,18,14,30,Northeastern,Cluster 0,1
35,Yasothon,9,Thai Charoen,91,25,30,16,6,4,9,Northeastern,Cluster 0,3
36,Chaiyaphum,1,Mueang Chaiyaphum,661,189,170,115,49,39,100,Northeastern,Cluster 1,1
36,Chaiyaphum,2,Ban Khwao,154,44,39,27,11,9,23,Northeastern,Cluster 0,3
36,Chaiyaphum,3,Khon Sawan,170,49,44,30,13,10,26,Northeastern,Cluster 0,3
36,Chaiyaphum,4,Kaset Sombun,286,81,73,49,21,17,43,Northeastern,Cluster 0,1
36,Chaiyaphum,5,Nong Bua Daeng,286,82,73,50,21,17,43,Northeastern,Cluster 0,1
36,Chaiyaphum,6,Chatturat,237,68,61,41,17,14,36,Northeastern,Cluster 0,3
36,Chaiyaphum,7,Bamnet Narong,169,48,43,29,12,10,26,Northeastern,Cluster 0,3
36,Chaiyaphum,8,Nong Bua Rawe,118,34,30,20,9,7,18,Northeastern,Cluster 0,3
36,Chaiyaphum,9,Thep Sathit,221,63,57,38,16,13,34,Northeastern,Cluster 0,3
36,Chaiyaphum,10,Phu Khiao,342,98,88,59,25,20,52,Northeastern,Cluster 0,1
36,Chaiyaphum,11,Ban Thaen,114,32,29,20,8,7,17,Northeastern,Cluster 0,3
36,Chaiyaphum,12,Kaeng Khro,280,80,72,49,21,17,43,Northeastern,Cluster 0,1
36,Chaiyaphum,13,Khon San,172,49,44,30,13,10,26,Northeastern,Cluster 0,3
36,Chaiyaphum,14,Phakdi Chumphon,100,28,26,17,7,6,15,Northeastern,Cluster 0,3
36,Chaiyaphum,15,Noen Sa-nga,73,21,19,13,5,4,11,Northeastern,Cluster 0,3
36,Chaiyaphum,16,Sap Yai,47,14,12,8,3,3,7,Northeastern,Cluster 0,3
37,Amnat Charoen,1,Mueang Amnat Charoen,349,75,89,83,36,26,40,Northeastern,Cluster 0,1
37,Amnat Charoen,2,Chanuman,99,21,25,23,10,7,11,Northeastern,Cluster 0,3
37,Amnat Charoen,3,Pathum Ratchawongsa,114,24,29,27,12,9,13,Northeastern,Cluster 0,3
37,Amnat Charoen,4,Phana,72,15,18,17,7,5,8,Northeastern,Cluster 0,3
37,Amnat Charoen,5,Senangkhanikhom,93,20,24,22,10,7,11,Northeastern,Cluster 0,3
37,Amnat Charoen,6,Hua Taphan,100,21,26,24,10,8,11,Northeastern,Cluster 0,3
37,Amnat Charoen,7,Lue Amnat,80,17,21,19,8,6,9,Northeastern,Cluster 0,3
39,Nong Bua Lam Phu,1,Mueang Nong Bua Lam Phu,432,73,98,117,46,41,57,Northeastern,Cluster 1,1
39,Nong Bua Lam Phu,2,Na Klang,257,44,58,69,27,25,34,Northeastern,Cluster 0,3
39,Nong Bua Lam Phu,3,Non Sang,164,28,37,44,17,16,22,Northeastern,Cluster 0,3
39,Nong Bua Lam Phu,4,Si Bun Rueang,279,47,63,75,30,27,37,Northeastern,Cluster 0,1
39,Nong Bua Lam Phu,5,Suwannakhuha,189,32,43,51,20,18,25,Northeastern,Cluster 0,3
39,Nong Bua Lam Phu,6,Na Wang,107,18,24,29,11,10,14,Northeastern,Cluster 0,3
40,Khon Kaen,1,Mueang Khon Kaen,2395,1408,299,304,122,108,154,Northeastern,Cluster 2,0
40,Khon Kaen,2,Ban Fang,1189,1060,39,39,16,14,20,Northeastern,Cluster 0,0
40,Khon Kaen,3,Phra Yuen,1480,1422,18,18,7,6,9,Northeastern,Cluster 0,0
40,Khon Kaen,4,Nong Ruea,3414,3234,55,55,22,20,28,Northeastern,Cluster 3,2
40,Khon Kaen,5,Chum Phae,2675,2477,60,61,24,22,31,Northeastern,Cluster 3,2
40,Khon Kaen,6,Si Chomphu,984,807,54,54,22,19,28,Northeastern,Cluster 0,0
40,Khon Kaen,7,Nam Phong,3093,2857,71,73,29,26,37,Northeastern,Cluster 3,2
40,Khon Kaen,8,Ubolratana,111,28,25,26,10,9,13,Northeastern,Cluster 0,3
40,Khon Kaen,9,Kranuan,211,54,48,48,19,17,24,Northeastern,Cluster 0,3
40,Khon Kaen,10,Ban Phai,523,349,53,54,21,19,27,Northeastern,Cluster 0,1
40,Khon Kaen,11,Pueai Noi,58,14,13,14,5,5,7,Northeastern,Cluster 0,3
40,Khon Kaen,12,Phon,748,574,53,54,22,19,27,Northeastern,Cluster 0,0
40,Khon Kaen,13,Waeng Yai,84,20,19,20,8,7,10,Northeastern,Cluster 0,3
40,Khon Kaen,14,Waeng Noi,130,31,30,30,12,11,15,Northeastern,Cluster 0,3
40,Khon Kaen,15,Nong Song Hong,235,57,54,55,22,20,28,Northeastern,Cluster 0,3
40,Khon Kaen,16,Phu Wiang,224,54,51,52,21,19,26,Northeastern,Cluster 0,3
40,Khon Kaen,17,Mancha Khiri,238,57,55,56,22,20,28,Northeastern,Cluster 0,3
40,Khon Kaen,18,Chonnabot,153,37,35,36,14,13,18,Northeastern,Cluster 0,3
40,Khon Kaen,19,Khao Suan Kwang,120,29,28,28,11,10,14,Northeastern,Cluster 0,3
40,Khon Kaen,20,Phu Pha Man,74,18,17,17,7,6,9,Northeastern,Cluster 0,3
40,Khon Kaen,21,Sam Sung,74,18,17,17,7,6,9,Northeastern,Cluster 0,3
40,Khon Kaen,22,Khok Pho Chai,83,20,19,19,8,7,10,Northeastern,Cluster 0,3
40,Khon Kaen,23,Nong Na Kham,68,16,16,16,6,6,8,Northeastern,Cluster 0,3
40,Khon Kaen,24,Ban Haet,108,26,25,25,10,9,13,Northeastern,Cluster 0,3
40,Khon Kaen,25,Non Sila,83,20,19,19,8,7,10,Northeastern,Cluster 0,3
40,Khon Kaen,29,Wiang Kao,58,14,13,13,5,5,7,Northeastern,Cluster 0,3
41,Udon Thani,1,Mueang Udon Thani,1298,336,326,216,123,104,193,Northeastern,Cluster 1,0
41,Udon Thani,2,Kut Chap,158,41,40,26,15,13,24,Northeastern,Cluster 0,3
41,Udon Thani,3,Nong Wua So,132,34,33,22,13,11,20,Northeastern,Cluster 0,3
41,Udon Thani,4,Kumphawapi,326,85,82,54,31,26,49,Northeastern,Cluster 0,1
41,Udon Thani,5,Non Sa-at,109,28,27,18,10,9,16,Northeastern,Cluster 0,3
41,Udon Thani,6,Nong Han,269,70,68,45,26,22,40,Northeastern,Cluster 0,1
41,Udon Thani,7,Thung Fon,73,19,18,12,7,6,11,Northeastern,Cluster 0,3
41,Udon Thani,8,Chai Wan,80,21,20,13,8,6,12,Northeastern,Cluster 0,3
41,Udon Thani,9,Si That,110,28,28,18,10,9,16,Northeastern,Cluster 0,3
41,Udon Thani,10,Wang Sam Mo,141,37,35,23,13,11,21,Northeastern,Cluster 0,3
41,Udon Thani,11,Ban Dung,293,76,74,49,28,24,44,Northeastern,Cluster 0,1
41,Udon Thani,17,Ban Phue,267,69,67,44,25,21,40,Northeastern,Cluster 0,1
41,Udon Thani,18,Nam Som,147,38,37,24,14,12,22,Northeastern,Cluster 0,3
41,Udon Thani,19,Phen,278,72,70,46,26,22,41,Northeastern,Cluster 0,1
41,Udon Thani,20,Sang Khom,68,17,17,11,6,5,10,Northeastern,Cluster 0,3
41,Udon Thani,21,Nong Saeng,61,16,15,10,6,5,9,Northeastern,Cluster 0,3
41,Udon Thani,22,Na Yung,73,19,18,12,7,6,11,Northeastern,Cluster 0,3
41,Udon Thani,23,Phibun Rak,62,16,16,10,6,5,9,Northeastern,Cluster 0,3
41,Udon Thani,24,Ku Kaeo,52,13,13,9,5,4,8,Northeastern,Cluster 0,3
41,Udon Thani,25,Prachak Sinlapakhom,55,14,14,9,5,4,8,Northeastern,Cluster 0,3
42,Loei,1,Mueang Loei,388,127,86,71,38,22,44,Northeastern,Cluster 0,1
42,Loei,2,Na Duang,68,22,15,12,7,4,8,Northeastern,Cluster 0,3
42,Loei,3,Chiang Khan,166,54,37,30,16,9,19,Northeastern,Cluster 0,3
42,Loei,4,Pak Chom,106,35,23,20,10,6,12,Northeastern,Cluster 0,3
42,Loei,5,Dan Sai,135,44,30,25,13,8,15,Northeastern,Cluster 0,3
42,Loei,6,Na Haeo,30,10,7,5,3,2,3,Northeastern,Cluster 0,3
42,Loei,7,Phu Ruea,65,21,14,12,6,4,7,Northeastern,Cluster 0,3
42,Loei,8,Tha Li,81,26,18,15,8,5,9,Northeastern,Cluster 0,3
42,Loei,9,Wang Saphung,288,94,64,53,28,16,33,Northeastern,Cluster 0,1
42,Loei,10,Phu Kradueng,101,33,22,19,10,6,11,Northeastern,Cluster 0,3
42,Loei,11,Phu Luang,58,19,13,11,6,3,7,Northeastern,Cluster 0,3
42,Loei,12,Pha Khao,92,30,20,17,9,5,10,Northeastern,Cluster 0,3
42,Loei,13,Erawan,89,29,20,16,9,5,10,Northeastern,Cluster 0,3
42,Loei,14,Nong Hin,46,15,10,8,4,3,5,Northeastern,Cluster 0,3
43,Nong Khai,1,Mueang Nong Khai,478,114,110,104,53,39,58,Northeastern,Cluster 1,1
43,Nong Khai,2,Tha Bo,221,53,51,48,25,18,27,Northeastern,Cluster 0,3
43,Nong Khai,5,Phon Phisai,268,64,62,58,30,22,32,Northeastern,Cluster 0,1
43,Nong Khai,7,Si Chiang Mai,84,20,19,18,9,7,10,Northeastern,Cluster 0,3
43,Nong Khai,8,Sangkhom,70,17,16,15,8,6,8,Northeastern,Cluster 0,3
43,Nong Khai,14,Sakhrai,67,16,15,15,7,5,8,Northeastern,Cluster 0,3
43,Nong Khai,15,Fao Rai,129,31,30,28,14,10,15,Northeastern,Cluster 0,3
43,Nong Khai,16,Rattanawapi,106,25,24,23,12,9,13,Northeastern,Cluster 0,3
43,Nong Khai,17,Pho Tak,43,10,10,9,5,3,5,Northeastern,Cluster 0,3
38,Bueng Kan,1,Mueang Bueng Kan,260,46,61,63,23,27,41,Northeastern,Cluster 0,3
38,Bueng Kan,2,Phon Charoen,101,18,23,24,9,10,16,Northeastern,Cluster 0,3
38,Bueng Kan,3,So Phisai,168,29,39,41,15,17,27,Northeastern,Cluster 0,3
38,Bueng Kan,4,Seka,209,37,49,51,18,22,33,Northeastern,Cluster 0,3
38,Bueng Kan,5,Pak Khat,93,16,22,23,8,10,15,Northeastern,Cluster 0,3
38,Bueng Kan,6,Bueng Khong Long,95,17,22,23,8,10,15,Northeastern,Cluster 0,3
38,Bueng Kan,7,Si Wilai,104,18,24,25,9,11,17,Northeastern,Cluster 0,3
38,Bueng Kan,8,Bung Khla,32,6,8,8,3,3,5,Northeastern,Cluster 0,3
44,Maha Sarakham,1,Mueang Maha Sarakham,558,174,147,107,38,30,63,Northeastern,Cluster 1,1
44,Maha Sarakham,2,Kae Dam,79,24,21,15,5,4,9,Northeastern,Cluster 0,3
44,Maha Sarakham,3,Kosum Phisai,344,107,91,66,24,18,39,Northeastern,Cluster 0,1
44,Maha Sarakham,4,Kantharawichai,277,86,73,53,19,15,31,Northeastern,Cluster 0,1
44,Maha Sarakham,5,Chiang Yuen,192,60,51,37,13,10,22,Northeastern,Cluster 0,3
44,Maha Sarakham,6,Borabue,352,110,93,67,24,19,40,Northeastern,Cluster 0,1
44,Maha Sarakham,7,Na Chueak,177,55,47,34,12,9,20,Northeastern,Cluster 0,3
44,Maha Sarakham,8,Phayakkhaphum Phisai,246,77,65,47,17,13,28,Northeastern,Cluster 0,1
44,Maha Sarakham,9,Wapi Pathum,316,98,83,60,22,17,35,Northeastern,Cluster 0,1
44,Maha Sarakham,10,Na Dun,99,31,26,19,7,5,11,Northeastern,Cluster 0,3
44,Maha Sarakham,11,Yang Si Surat,93,29,25,18,6,5,10,Northeastern,Cluster 0,3
44,Maha Sarakham,12,Kut Rang,102,32,27,20,7,5,11,Northeastern,Cluster 0,3
44,Maha Sarakham,13,Chuen Chom,67,21,18,13,5,4,7,Northeastern,Cluster 0,3
45,Roi Et,1,Mueang Roi Et,571,147,172,124,33,39,56,Northeastern,Cluster 1,1
45,Roi Et,2,Kaset Wisai,279,72,84,61,16,19,27,Northeastern,Cluster 0,1
45,Roi Et,3,Pathum Rat,139,36,42,30,8,10,14,Northeastern,Cluster 0,3
45,Roi Et,4,Chaturaphak Phiman,210,54,63,46,12,15,21,Northeastern,Cluster 0,3
45,Roi Et,5,Thawat Buri,204,52,61,44,12,14,20,Northeastern,Cluster 0,3
45,Roi Et,6,Phanom Phrai,194,50,58,42,11,13,19,Northeastern,Cluster 0,3
45,Roi Et,7,Phon Thong,304,78,91,66,18,21,30,Northeastern,Cluster 0,1
45,Roi Et,8,Pho Chai,151,39,45,33,9,10,15,Northeastern,Cluster 0,3
45,Roi Et,9,Nong Phok,180,46,54,39,10,12,18,Northeastern,Cluster 0,3
45,Roi Et,10,Selaphum,315,81,95,68,18,22,31,Northeastern,Cluster 0,1
45,Roi Et,11,Suwannaphum,317,82,95,69,18,22,31,Northeastern,Cluster 0,1
45,Roi Et,12,Mueang Suang,61,16,18,13,4,4,6,Northeastern,Cluster 0,3
45,Roi Et,13,Phon Sai,65,17,20,14,4,5,6,Northeastern,Cluster 0,3
45,Roi Et,14,At Samat,191,49,58,42,11,13,19,Northeastern,Cluster 0,3
45,Roi Et,15,Moei Wadi,63,16,19,14,4,4,6,Northeastern,Cluster 0,3
45,Roi Et,16,Si Somdet,102,26,31,22,6,7,10,Northeastern,Cluster 0,3
45,Roi Et,17,Changhan,132,34,40,29,8,9,13,Northeastern,Cluster 0,3
45,Roi Et,18,Chiang Khwan,75,19,23,16,4,5,7,Northeastern,Cluster 0,3
45,Roi Et,19,Nong Hi,61,16,18,13,4,4,6,Northeastern,Cluster 0,3
45,Roi Et,20,Thung Khao Luang,59,15,18,13,3,4,6,Northeastern,Cluster 0,3
46,Kalasin,1,Mueang Kalasin,427,188,109,59,21,19,30,Northeastern,Cluster 0,1
46,Kalasin,2,Na Mon,97,43,25,14,5,4,7,Northeastern,Cluster 0,3
46,Kalasin,3,Kamalasai,171,75,44,24,9,8,12,Northeastern,Cluster 0,3
46,Kalasin,4,Rong Kham,46,20,12,6,2,2,3,Northeastern,Cluster 0,3
46,Kalasin,5,Kuchinarai,282,124,72,39,14,13,20,Northeastern,Cluster 0,1
46,Kalasin,6,Khao Wong,119,52,30,17,6,5,8,Northeastern,Cluster 0,3
46,Kalasin,7,Yang Talat,340,149,87,47,17,15,24,Northeastern,Cluster 0,1
46,Kalasin,8,Huai Mek,131,58,33,18,7,6,9,Northeastern,Cluster 0,3
46,Kalasin,9,Sahatsakhan,108,48,28,15,5,5,8,Northeastern,Cluster 0,3
46,Kalasin,10,Kham Muang,120,53,31,17,6,5,9,Northeastern,Cluster 0,3
46,Kalasin,11,Tha Khantho,95,42,24,13,5,4,7,Northeastern,Cluster 0,3
46,Kalasin,12,Nong Kung Si,172,76,44,24,9,8,12,Northeastern,Cluster 0,3
46,Kalasin,13,Somdet,172,76,44,24,9,8,12,Northeastern,Cluster 0,3
46,Kalasin,14,Huai Phueng,78,34,20,11,4,4,6,Northeastern,Cluster 0,3
46,Kalasin,15,Sam Chai,64,28,16,9,3,3,5,Northeastern,Cluster 0,3
46,Kalasin,16,Na Khu,84,37,21,12,4,4,6,Northeastern,Cluster 0,3
46,Kalasin,17,Don Chan,64,28,16,9,3,3,5,Northeastern,Cluster 0,3
46,Kalasin,18,Khong Chai,64,28,16,9,3,3,5,Northeastern,Cluster 0,3
47,Sakon Nakhon,1,Mueang Sakon Nakhon,641,231,154,104,49,29,74,Northeastern,Cluster 1,1
47,Sakon Nakhon,2,Kusuman,122,44,29,20,9,6,14,Northeastern,Cluster 0,3
47,Sakon Nakhon,3,Kut Bak,86,31,21,14,7,4,10,Northeastern,Cluster 0,3
47,Sakon Nakhon,4,Phanna Nikhom,229,82,55,37,18,10,26,Northeastern,Cluster 0,3
47,Sakon Nakhon,5,Phang Khon,172,62,41,28,13,8,20,Northeastern,Cluster 0,3
47,Sakon Nakhon,6,Waritchaphum,141,51,34,23,11,6,16,Northeastern,Cluster 0,3
47,Sakon Nakhon,7,Nikhom Nam Un,38,14,9,6,3,2,4,Northeastern,Cluster 0,3
47,Sakon Nakhon,8,Wanon Niwat,294,106,71,48,23,13,34,Northeastern,Cluster 0,1
47,Sakon Nakhon,9,Kham Ta Kla,112,40,27,18,9,5,13,Northeastern,Cluster 0,3
47,Sakon Nakhon,10,Ban Muang,172,62,41,28,13,8,20,Northeastern,Cluster 0,3
47,Sakon Nakhon,11,Akat Amnuai,190,68,46,31,15,9,22,Northeastern,Cluster 0,3
47,Sakon Nakhon,12,Sawang Daen Din,380,137,91,61,29,17,44,Northeastern,Cluster 0,1
47,Sakon Nakhon,13,Song Dao,77,28,19,12,6,4,9,Northeastern,Cluster 0,3
47,Sakon Nakhon,14,Tao Ngoi,70,25,17,11,5,3,8,Northeastern,Cluster 0,3
47,Sakon Nakhon,15,Khok Si Suphan,106,38,26,17,8,5,12,Northeastern,Cluster 0,3
47,Sakon Nakhon,16,Charoen Sin,105,38,25,17,8,5,12,Northeastern,Cluster 0,3
47,Sakon Nakhon,17,Phon Na Kaeo,104,38,25,17,8,5,12,Northeastern,Cluster 0,3
47,Sakon Nakhon,18,Phu Phan,102,37,25,16,8,5,12,Northeastern,Cluster 0,3
48,Nakhon Phanom,1,Mueang Nakhon Phanom,406,173,97,63,26,21,27,Northeastern,Cluster 0,1
48,Nakhon Phanom,2,Pla Pak,142,61,34,22,9,7,10,Northeastern,Cluster 0,3
48,Nakhon Phanom,3,Tha Uthen,143,61,34,22,9,7,10,Northeastern,Cluster 0,3
48,Nakhon Phanom,4,Ban Phaeng,94,40,22,14,6,5,6,Northeastern,Cluster 0,3
48,Nakhon Phanom,5,That Phanom,212,90,50,33,13,11,14,Northeastern,Cluster 0,3
48,Nakhon Phanom,6,Renu Nakhon,117,50,28,18,7,6,8,Northeastern,Cluster 0,3
48,Nakhon Phanom,7,Na Kae,192,82,46,30,12,10,13,Northeastern,Cluster 0,3
48,Nakhon Phanom,8,Si Songkhram,174,74,41,27,11,9,12,Northeastern,Cluster 0,3
48,Nakhon Phanom,9,Na Wa,136,58,32,21,9,7,9,Northeastern,Cluster 0,3
48,Nakhon Phanom,10,Phon Sawan,147,63,35,23,9,7,10,Northeastern,Cluster 0,3
48,Nakhon Phanom,11,Na Thom,59,25,14,9,4,3,4,Northeastern,Cluster 0,3
48,Nakhon Phanom,12,Wang Yang,38,16,9,6,2,2,3,Northeastern,Cluster 0,3
49,Mukdahan,1,Mueang Mukdahan,493,176,108,75,34,27,72,Northeastern,Cluster 0,1
49,Mukdahan,2,Nikhom Kham Soi,135,48,30,21,9,7,20,Northeastern,Cluster 0,3
49,Mukdahan,3,Don Tan,133,48,29,20,9,7,19,Northeastern,Cluster 0,3
49,Mukdahan,4,Dong Luang,121,43,27,18,8,7,18,Northeastern,Cluster 0,3
49,Mukdahan,5,Khamcha-i,154,55,34,23,11,8,22,Northeastern,Cluster 0,3
49,Mukdahan,6,Wan Yai,60,21,13,9,4,3,9,Northeastern,Cluster 0,3
49,Mukdahan,7,Nong Sung,70,25,15,11,5,4,10,Northeastern,Cluster 0,3
80,Nakhon Si Thammarat,1,Mueang Nakhon Si Thammarat,972,161,192,235,128,106,149,Southern,Cluster 1,0
80,Nakhon Si Thammarat,2,Phrom Khiri,110,18,22,27,14,12,17,Southern,Cluster 0,3
80,Nakhon Si Thammarat,3,Lan Saka,135,22,27,33,18,15,21,Southern,Cluster 0,3
80,Nakhon Si Thammarat,4,Chawang,229,38,45,55,30,25,35,Southern,Cluster 0,3
80,Nakhon Si Thammarat,5,Phipun,104,17,20,25,14,11,16,Southern,Cluster 0,3
80,Nakhon Si Thammarat,6,Chian Yai,132,22,26,32,17,14,20,Southern,Cluster 0,3
80,Nakhon Si Thammarat,7,Cha-uat,275,46,54,67,36,30,42,Southern,Cluster 0,1
80,Nakhon Si Thammarat,8,Tha Sala,318,53,63,77,42,35,49,Southern,Cluster 0,1
80,Nakhon Si Thammarat,9,Thung Song,567,94,112,137,74,62,87,Southern,Cluster 1,1
80,Nakhon Si Thammarat,10,Na Bon,85,14,17,21,11,9,13,Southern,Cluster 0,3
80,Nakhon Si Thammarat,11,Thung Yai,239,40,47,58,31,26,37,Southern,Cluster 0,3
80,Nakhon Si Thammarat,12,Pak Phanang,296,49,59,72,39,32,45,Southern,Cluster 0,1
80,Nakhon Si Thammarat,13,Ron Phibun,238,40,47,58,31,26,37,Southern,Cluster 0,3
80,Nakhon Si Thammarat,14,Sichon,280,46,55,68,37,30,43,Southern,Cluster 0,1
80,Nakhon Si Thammarat,15,Khanom,131,22,26,32,17,14,20,Southern,Cluster 0,3
80,Nakhon Si Thammarat,16,Hua Sai,215,36,42,52,28,23,33,Southern,Cluster 0,3
80,Nakhon Si Thammarat,17,Bang Khan,145,24,29,35,19,16,22,Southern,Cluster 0,3
80,Nakhon Si Thammarat,18,Tham Phannara,65,11,13,16,9,7,10,Southern,Cluster 0,3
80,Nakhon Si Thammarat,19,Chulabhorn,93,15,18,22,12,10,14,Southern,Cluster 0,3
80,Nakhon Si Thammarat,20,Phra Phrom,139,23,27,34,18,15,21,Southern,Cluster 0,3
80,Nakhon Si Thammarat,21,Nopphitam,103,17,20,25,14,11,16,Southern,Cluster 0,3
80,Nakhon Si Thammarat,22,Chang Klang,97,16,19,23,13,11,15,Southern,Cluster 0,3
80,Nakhon Si Thammarat,23,Chaloem Phra Kiat Nakornsi,94,16,19,23,12,10,14,Southern,Cluster 0,3
81,Krabi,1,Mueang Krabi,387,37,60,99,44,33,115,Southern,Cluster 0,1
81,Krabi,2,Khao Phanom,134,13,21,34,15,12,40,Southern,Cluster 0,3
81,Krabi,3,Ko Lanta,91,9,14,23,10,8,27,Southern,Cluster 0,3
81,Krabi,4,Khlong Thom,180,17,28,46,20,16,54,Southern,Cluster 0,3
81,Krabi,5,Ao Luek,133,13,21,34,15,12,40,Southern,Cluster 0,3
81,Krabi,6,Plai Phraya,88,8,14,22,10,8,26,Southern,Cluster 0,3
81,Krabi,7,Lam Thap,63,6,10,16,7,5,19,Southern,Cluster 0,3
81,Krabi,8,Nuea Khlong,148,14,23,38,17,13,44,Southern,Cluster 0,3
82,Phang-nga,1,Mueang Phang-nga,143,23,26,29,12,19,33,Southern,Cluster 0,3
82,Phang-nga,2,Ko Yao,43,7,8,9,4,6,10,Southern,Cluster 0,3
82,Phang-nga,3,Kapong,52,8,9,11,4,7,12,Southern,Cluster 0,3
82,Phang-nga,4,Takua Thung,141,23,25,29,12,19,33,Southern,Cluster 0,3
82,Phang-nga,5,Takua Pa,205,33,37,42,17,28,48,Southern,Cluster 0,3
82,Phang-nga,6,Khura Buri,97,16,18,20,8,13,23,Southern,Cluster 0,3
82,Phang-nga,7,Thap Put,69,11,12,14,6,9,16,Southern,Cluster 0,3
82,Phang-nga,8,Thai Mueang,177,29,32,37,15,24,41,Southern,Cluster 0,3
83,Phuket,1,Mueang Phuket,1140,42,159,274,105,243,317,Southern,Cluster 2,0
83,Phuket,2,Kathu,344,13,48,82,32,73,96,Southern,Cluster 0,1
83,Phuket,3,Thalang,522,19,73,125,48,111,145,Southern,Cluster 1,1
84,Surat Thani,1,Mueang Surat Thani,762,48,127,147,91,92,256,Southern,Cluster 1,1
84,Surat Thani,2,Kanchanadit,320,20,54,62,38,39,108,Southern,Cluster 0,1
84,Surat Thani,3,Don Sak,117,7,20,23,14,14,39,Southern,Cluster 0,3
84,Surat Thani,5,Ko Pha-ngan,118,8,20,23,14,14,40,Southern,Cluster 0,3
84,Surat Thani,4,Ko Samui,383,24,64,74,46,46,129,Southern,Cluster 0,1
84,Surat Thani,6,Chaiya,162,10,27,31,19,20,54,Southern,Cluster 0,3
84,Surat Thani,7,Tha Chana,177,11,30,34,21,21,59,Southern,Cluster 0,3
84,Surat Thani,8,Khiri Rat Nikhom,134,8,22,26,16,16,45,Southern,Cluster 0,3
84,Surat Thani,9,Ban Ta Khun,57,4,9,11,7,7,19,Southern,Cluster 0,3
84,Surat Thani,10,Phanom,108,7,18,21,13,13,36,Southern,Cluster 0,3
84,Surat Thani,11,Tha Chang,108,7,18,21,13,13,36,Southern,Cluster 0,3
84,Surat Thani,12,Ban Na San,195,12,33,38,23,24,66,Southern,Cluster 0,3
84,Surat Thani,13,Ban Na Doem,68,4,11,13,8,8,23,Southern,Cluster 0,3
84,Surat Thani,14,Khian Sa,147,9,25,28,18,18,49,Southern,Cluster 0,3
84,Surat Thani,15,Wiang Sa,192,12,32,37,23,23,64,Southern,Cluster 0,3
84,Surat Thani,16,Phrasaeng,200,13,33,39,24,24,67,Southern,Cluster 0,3
84,Surat Thani,17,Phunphin,326,21,54,63,39,39,109,Southern,Cluster 0,1
84,Surat Thani,18,Chai Buri,83,5,14,16,10,10,28,Southern,Cluster 0,3
84,Surat Thani,19,Vibhavadi,54,3,9,10,6,6,18,Southern,Cluster 0,3
85,Ranong,1,Mueang Ranong,913,159,187,187,105,77,198,Southern,Cluster 1,0
85,Ranong,2,La-un,125,22,26,26,14,11,27,Southern,Cluster 0,3
85,Ranong,3,Kapoe,161,28,33,33,19,14,35,Southern,Cluster 0,3
85,Ranong,4,Kra Buri,449,78,92,92,52,38,97,Southern,Cluster 1,1
85,Ranong,5,Suk Samran,82,14,17,17,9,7,18,Southern,Cluster 0,3
86,Chumphon,1,Mueang Chumphon,570,97,90,135,85,50,112,Southern,Cluster 1,1
86,Chumphon,2,Tha Sae,278,48,44,66,41,25,55,Southern,Cluster 0,1
86,Chumphon,3,Pathio,161,27,26,38,24,14,32,Southern,Cluster 0,3
86,Chumphon,4,Lang Suan,246,42,39,58,37,22,48,Southern,Cluster 0,3
86,Chumphon,5,Lamae,100,17,16,24,15,9,20,Southern,Cluster 0,3
86,Chumphon,6,Phato,85,14,13,20,13,7,17,Southern,Cluster 0,3
86,Chumphon,7,Sawi,255,44,40,60,38,23,50,Southern,Cluster 0,3
86,Chumphon,8,Thung Tako,82,14,13,19,12,7,16,Southern,Cluster 0,3
90,Songkhla,1,Mueang Songkhla,749,97,154,150,84,106,158,Southern,Cluster 1,1
90,Songkhla,2,Sathing Phra,157,20,32,31,18,22,33,Southern,Cluster 0,3
90,Songkhla,3,Chana,314,41,65,63,35,44,66,Southern,Cluster 0,1
90,Songkhla,4,Na Thawi,245,32,50,49,27,35,51,Southern,Cluster 0,3
90,Songkhla,5,Thepha,232,30,48,46,26,33,49,Southern,Cluster 0,3
90,Songkhla,6,Saba Yoi,204,26,42,41,23,29,43,Southern,Cluster 0,3
90,Songkhla,7,Ranot,260,34,53,52,29,37,55,Southern,Cluster 0,1
90,Songkhla,8,Krasae Sin,54,7,11,11,6,8,11,Southern,Cluster 0,3
90,Songkhla,9,Rattaphum,262,34,54,52,29,37,55,Southern,Cluster 0,1
90,Songkhla,10,Sadao,525,68,108,105,59,74,110,Southern,Cluster 1,1
90,Songkhla,11,Hat Yai,1927,250,397,386,216,273,405,Southern,Cluster 2,0
90,Songkhla,12,Na Mom,90,12,19,18,10,13,19,Southern,Cluster 0,3
90,Songkhla,13,Khuan Niang,120,16,25,24,13,17,25,Southern,Cluster 0,3
90,Songkhla,14,Bang Klam,129,17,27,26,14,18,27,Southern,Cluster 0,3
90,Songkhla,15,Singhanakhon,284,37,58,57,32,40,60,Southern,Cluster 0,1
90,Songkhla,16,Khlong Hoi Khong,105,14,22,21,12,15,22,Southern,Cluster 0,3
91,Satun,1,Mueang Satun,317,61,76,58,36,34,53,Southern,Cluster 0,1
91,Satun,2,Khuan Don,62,12,15,11,7,7,10,Southern,Cluster 0,3
91,Satun,3,Khuan Kalong,96,18,23,17,11,10,16,Southern,Cluster 0,3
91,Satun,4,Tha Phae,70,13,17,13,8,7,12,Southern,Cluster 0,3
91,Satun,5,La-ngu,187,36,45,34,21,20,31,Southern,Cluster 0,3
91,Satun,6,Thung Wa,63,12,15,11,7,7,10,Southern,Cluster 0,3
91,Satun,7,Manang,50,10,12,9,6,5,8,Southern,Cluster 0,3
92,Trang,1,Mueang Trang,584,108,137,149,58,45,86,Southern,Cluster 1,1
92,Trang,2,Kantang,252,47,59,64,25,19,37,Southern,Cluster 0,3
92,Trang,3,Yan Ta Khao,190,35,45,48,19,15,28,Southern,Cluster 0,3
92,Trang,4,Palian,205,38,48,52,20,16,30,Southern,Cluster 0,3
92,Trang,5,Sikao,123,23,29,31,12,9,18,Southern,Cluster 0,3
92,Trang,6,Huai Yot,302,56,71,77,30,23,44,Southern,Cluster 0,1
92,Trang,7,Wang Wiset,137,25,32,35,14,11,20,Southern,Cluster 0,3
92,Trang,8,Na Yong,132,24,31,34,13,10,19,Southern,Cluster 0,3
92,Trang,9,Ratsada,99,18,23,25,10,8,15,Southern,Cluster 0,3
92,Trang,10,Hat Samran,43,8,10,11,4,3,6,Southern,Cluster 0,3
93,Phatthalung,1,Mueang Phatthalung,456,123,95,97,47,31,62,Southern,Cluster 0,1
93,Phatthalung,2,Kong Ra,107,29,22,23,11,7,15,Southern,Cluster 0,3
93,Phatthalung,3,Khao Chaison,155,42,32,33,16,11,21,Southern,Cluster 0,3
93,Phatthalung,4,Tamot,109,30,23,23,11,7,15,Southern,Cluster 0,3
93,Phatthalung,5,Khuan Khanun,297,80,62,63,31,20,41,Southern,Cluster 0,1
93,Phatthalung,6,Pak Phayun,164,44,34,35,17,11,22,Southern,Cluster 0,3
93,Phatthalung,7,Si Banphot,64,17,13,14,7,4,9,Southern,Cluster 0,3
93,Phatthalung,8,Pa Bon,161,44,34,34,17,11,22,Southern,Cluster 0,3
93,Phatthalung,9,Bang Kaeo,89,24,19,19,9,6,12,Southern,Cluster 0,3
93,Phatthalung,10,Pa Phayom,125,34,26,26,13,9,17,Southern,Cluster 0,3
93,Phatthalung,11,Srinagarindra,95,26,20,20,10,7,13,Southern,Cluster 0,3
94,Pattani,1,Mueang Pattani,433,146,116,74,30,39,27,Southern,Cluster 0,1
94,Pattani,2,Khok Pho,197,67,53,34,14,18,12,Southern,Cluster 0,3
94,Pattani,3,Nong Chik,193,65,52,33,13,17,12,Southern,Cluster 0,3
94,Pattani,4,Panare,114,39,31,20,8,10,7,Southern,Cluster 0,3
94,Pattani,5,Mayo,129,44,35,22,9,12,8,Southern,Cluster 0,3
94,Pattani,6,Thung Yang Daeng,53,18,14,9,4,5,3,Southern,Cluster 0,3
94,Pattani,7,Sai Buri,166,56,45,28,12,15,11,Southern,Cluster 0,3
94,Pattani,8,Mai Kaen,31,11,8,5,2,3,2,Southern,Cluster 0,3
94,Pattani,9,Yaring,190,64,51,33,13,17,12,Southern,Cluster 0,3
94,Pattani,10,Yarang,210,71,56,36,15,19,13,Southern,Cluster 0,3
94,Pattani,11,Kapho,41,14,11,7,3,4,3,Southern,Cluster 0,3
94,Pattani,12,Mae Lan,41,14,11,7,3,4,3,Southern,Cluster 0,3
95,Yala,1,Mueang Yala,486,114,175,117,40,19,20,Southern,Cluster 1,1
95,Yala,2,Betong,221,52,79,53,18,9,9,Southern,Cluster 0,3
95,Yala,3,Bannang Sata,150,35,54,36,12,6,6,Southern,Cluster 0,3
95,Yala,4,Than To,77,18,28,19,6,3,3,Southern,Cluster 0,3
95,Yala,5,Yaha,119,28,43,29,10,5,5,Southern,Cluster 0,3
95,Yala,6,Raman,190,45,68,46,16,8,8,Southern,Cluster 0,3
95,Yala,7,Kabang,57,13,20,14,5,2,2,Southern,Cluster 0,3
95,Yala,8,Krong Pinang,52,12,19,12,4,2,2,Southern,Cluster 0,3
96,Narathiwat,1,Mueang Narathiwat,354,167,57,55,12,25,37,Southern,Cluster 0,1
96,Narathiwat,2,Tak Bai,152,72,24,24,5,11,16,Southern,Cluster 0,3
96,Narathiwat,3,Bacho,111,52,18,17,4,8,12,Southern,Cluster 0,3
96,Narathiwat,4,Yi-ngo,99,47,16,15,3,7,10,Southern,Cluster 0,3
96,Narathiwat,5,Ra-ngae,197,93,32,31,7,14,21,Southern,Cluster 0,3
96,Narathiwat,6,Rueso,166,78,27,26,6,12,17,Southern,Cluster 0,3
96,Narathiwat,7,Si Sakhon,94,44,15,15,3,7,10,Southern,Cluster 0,3
96,Narathiwat,8,Waeng,115,54,18,18,4,8,12,Southern,Cluster 0,3
96,Narathiwat,9,Sukhirin,77,37,12,12,3,6,8,Southern,Cluster 0,3
96,Narathiwat,10,Su-ngai Kolok,228,108,37,36,8,16,24,Southern,Cluster 0,3
96,Narathiwat,11,Su-ngai Padi,121,57,19,19,4,9,13,Southern,Cluster 0,3
96,Narathiwat,12,Chanae,82,39,13,13,3,6,9,Southern,Cluster 0,3
96,Narathiwat,13,Cho-airong,84,40,13,13,3,6,9,Southern,Cluster 0,3
